ShopIndex,Name,Class_Job,Price,IsCash,IsPackage,IsShow,Label,IconInfo,MenuNum,IsGift,ShopSort
111003101,PDW K101-Aqua Plus,0,900,1,0,1,2,0,0,1,2
111003102,PDW K101-Aqua Plus,0,4750,1,0,1,2,0,0,1,2
111003103,PDW K101-Aqua Plus,0,7450,1,0,1,2,0,0,1,2
111003104,PDW K101-Aqua Plus,0,10850,1,0,1,2,0,0,1,2
111003106,PDW K101-Aqua Plus,0,2400,1,0,1,2,0,0,1,2
111002801,(Old)PDW K101-Cute,0,900,1,0,1,2,0,0,1,2
111002802,(Old)PDW K101-Cute,0,4750,1,0,1,2,0,0,1,2
111002803,(Old)PDW K101-Cute,0,7450,1,0,1,2,0,0,1,2
111002804,(Old)PDW K101-Cute,0,10850,1,0,1,2,0,0,1,2
111002805,(Old)PDW K101-Cute,0,10850,1,0,1,2,0,0,1,2
111002806,(Old)PDW K101-Cute,0,2400,1,0,1,2,0,0,1,2
111002901,(Old)PDW K101-Cute Plus,0,900,1,0,1,2,0,0,1,2
111002902,(Old)PDW K101-Cute Plus,0,4750,1,0,1,2,0,0,1,2
111002903,(Old)PDW K101-Cute Plus,0,7450,1,0,1,2,0,0,1,2
111002904,(Old)PDW K101-Cute Plus,0,10850,1,0,1,2,0,0,1,2
111002905,(Old)PDW K101-Cute Plus,0,10850,1,0,1,2,0,0,1,2
111003201,Winter K1,0,500,1,0,1,0,0,0,1,9
111003202,Winter K1,0,2550,1,0,1,0,0,0,1,9
111003203,Winter K1,0,3950,1,0,1,0,0,0,1,9
111003204,Winter K1,0,5750,1,0,1,0,0,0,1,9
111003206,Winter K1,0,13000,1,0,1,0,0,0,1,9
111003301,K1 Rail(NewBase),0,1100,0,0,1,0,0,0,1,9
111003302,K1 Rail(NewBase),0,6200,0,0,1,0,0,0,1,9
111003303,K1 Rail(NewBase),0,9900,0,0,1,0,0,0,1,9
111003304,K1 Rail(NewBase),0,16500,0,0,1,0,0,0,1,9
111003306,K1 Rail(NewBase),0,39600,0,0,1,0,0,0,1,9
111003501,M4a1(NewBase),0,1700,0,0,1,0,0,0,1,9
111003502,M4a1(NewBase),0,9600,0,0,1,0,0,0,1,9
111003503,M4a1(NewBase),0,15300,0,0,1,0,0,0,1,9
111003504,M4a1(NewBase),0,25500,0,0,1,0,0,0,1,9
111003506,M4a1(NewBase),0,61200,0,0,1,0,0,0,1,9
111003701,M4a1-Dsnake(Achieve),0,2600,0,0,1,0,0,0,0,9
111003702,M4a1-Dsnake(Achieve),0,14600,0,0,1,0,0,0,0,9
111003703,M4a1-Dsnake(Achieve),0,23400,0,0,1,0,0,0,0,9
111003704,M4a1-Dsnake(Achieve),0,39000,0,0,1,0,0,0,0,9
111003706,M4a1-Dsnake(Achieve),0,93600,0,0,1,0,0,0,0,9
111003801,M4a1-Dsnake(Cash),0,750,1,0,1,0,0,0,1,9
111003802,M4a1-Dsnake(Cash),0,3850,1,0,1,0,0,0,1,9
111003803,M4a1-Dsnake(Cash),0,6050,1,0,1,0,0,0,1,9
111003804,M4a1-Dsnake(Cash),0,8850,1,0,1,0,0,0,1,9
111003806,M4a1-Dsnake(Cash),0,19850,1,0,1,0,0,0,1,9
111004001,XK2(NewBase),0,1300,0,0,1,0,0,0,1,9
111004002,XK2(NewBase),0,7300,0,0,1,0,0,0,1,9
111004003,XK2(NewBase),0,11700,0,0,1,0,0,0,1,9
111004004,XK2(NewBase),0,19500,0,0,1,0,0,0,1,9
111004006,XK2(NewBase),0,46800,0,0,1,0,0,0,1,9
111004101,PDW K101(NewBase),0,1600,0,0,1,0,0,0,1,9
111004102,PDW K101(NewBase),0,9000,0,0,1,0,0,0,1,9
111004103,PDW K101(NewBase),0,14400,0,0,1,0,0,0,1,9
111004104,PDW K101(NewBase),0,24000,0,0,1,0,0,0,1,9
111004106,PDW K101(NewBase),0,57600,0,0,1,0,0,0,1,9
111004301,Azure PDW K101(Achieve),0,2400,0,0,1,0,0,0,0,9
111004302,Azure PDW K101(Achieve),0,13500,0,0,1,0,0,0,0,9
111004303,Azure PDW K101(Achieve),0,21600,0,0,1,0,0,0,0,9
111004304,Azure PDW K101(Achieve),0,36000,0,0,1,0,0,0,0,9
111004306,Azure PDW K101(Achieve),0,86400,0,0,1,0,0,0,0,9
111004401,Azure PDW K101(Cash),0,700,1,0,1,0,0,0,1,9
111004402,Azure PDW K101(Cash),0,3550,1,0,1,0,0,0,1,9
111004403,Azure PDW K101(Cash),0,5600,1,0,1,0,0,0,1,9
111004404,Azure PDW K101(Cash),0,8150,1,0,1,0,0,0,1,9
111004406,Azure PDW K101(Cash),0,18350,1,0,1,0,0,0,1,9
111004501,PSD XR(NewBase),0,1600,0,0,1,0,0,0,1,9
111004502,PSD XR(NewBase),0,9000,0,0,1,0,0,0,1,9
111004503,PSD XR(NewBase),0,14400,0,0,1,0,0,0,1,9
111004504,PSD XR(NewBase),0,24000,0,0,1,0,0,0,1,9
111004506,PSD XR(NewBase),0,57600,0,0,1,0,0,0,1,9
111004801,AK 74u(NewBase),0,1300,0,0,1,0,0,0,1,9
111004802,AK 74u(NewBase),0,7300,0,0,1,0,0,0,1,9
111004803,AK 74u(NewBase),0,11700,0,0,1,0,0,0,1,9
111004804,AK 74u(NewBase),0,19500,0,0,1,0,0,0,1,9
111004806,AK 74u(NewBase),0,46800,0,0,1,0,0,0,1,9
111004901,FAMAS-F1(NewBase),0,1600,0,0,1,0,0,0,1,9
111004902,FAMAS-F1(NewBase),0,9000,0,0,1,0,0,0,1,9
111004903,FAMAS-F1(NewBase),0,14400,0,0,1,0,0,0,1,9
111004904,FAMAS-F1(NewBase),0,24000,0,0,1,0,0,0,1,9
111004906,FAMAS-F1(NewBase),0,57600,0,0,1,0,0,0,1,9
112000601,AK47(NewBase),0,1700,0,0,1,0,0,0,1,9
112000602,AK47(NewBase),0,9600,0,0,1,0,0,0,1,9
112000603,AK47(NewBase),0,15300,0,0,1,0,0,0,1,9
112000604,AK47(NewBase),0,25500,0,0,1,0,0,0,1,9
112000606,AK47(NewBase),0,61200,0,0,1,0,0,0,1,9
113000901,M3TC(NewBase),0,1400,0,0,1,0,0,0,1,9
113000902,M3TC(NewBase),0,7900,0,0,1,0,0,0,1,9
113000903,M3TC(NewBase),0,12600,0,0,1,0,0,0,1,9
113000904,M3TC(NewBase),0,21000,0,0,1,0,0,0,1,9
113000906,M3TC(NewBase),0,50400,0,0,1,0,0,0,1,9
113001001,Lizard M3TC(Achieve),0,2100,0,0,1,0,0,0,0,9
113001002,Lizard M3TC(Achieve),0,11800,0,0,1,0,0,0,0,9
113001003,Lizard M3TC(Achieve),0,18900,0,0,1,0,0,0,0,9
113001004,Lizard M3TC(Achieve),0,31500,0,0,1,0,0,0,0,9
113001006,Lizard M3TC(Achieve),0,75600,0,0,1,0,0,0,0,9
113001101,Lizard M3TC(Cash),0,600,1,0,1,0,0,0,1,9
113001102,Lizard M3TC(Cash),0,3100,1,0,1,0,0,0,1,9
113001103,Lizard M3TC(Cash),0,4900,1,0,1,0,0,0,1,9
113001104,Lizard M3TC(Cash),0,7150,1,0,1,0,0,0,1,9
113001106,Lizard M3TC(Cash),0,16050,1,0,1,0,0,0,1,9
113001201,Double-Barreled(NewBase),0,1600,0,0,1,0,0,0,1,9
113001202,Double-Barreled(NewBase),0,9000,0,0,1,0,0,0,1,9
113001203,Double-Barreled(NewBase),0,14400,0,0,1,0,0,0,1,9
113001204,Double-Barreled(NewBase),0,24000,0,0,1,0,0,0,1,9
113001206,Double-Barreled(NewBase),0,57600,0,0,1,0,0,0,1,9
114001201,AWM 300-Aqua Silencer,0,1000,1,0,1,2,0,0,1,2
114001202,AWM 300-Aqua Silencer,0,5350,1,0,1,2,0,0,1,2
114001203,AWM 300-Aqua Silencer,0,8400,1,0,1,2,0,0,1,2
114001204,AWM 300-Aqua Silencer,0,12250,1,0,1,2,0,0,1,2
114001206,AWM 300-Aqua Silencer,0,27500,1,0,1,2,0,0,1,2
114001401,SVD Tiger(NewBase),0,1500,0,0,1,0,0,0,1,9
114001402,SVD Tiger(NewBase),0,8400,0,0,1,0,0,0,1,9
114001403,SVD Tiger(NewBase),0,13500,0,0,1,0,0,0,1,9
114001404,SVD Tiger(NewBase),0,22500,0,0,1,0,0,0,1,9
114001406,SVD Tiger(NewBase),0,54000,0,0,1,0,0,0,1,9
114001501,Argent SVD(Achieve),0,2300,0,0,1,0,0,0,0,9
114001502,Argent SVD(Achieve),0,12900,0,0,1,0,0,0,0,9
114001503,Argent SVD(Achieve),0,20700,0,0,1,0,0,0,0,9
114001504,Argent SVD(Achieve),0,34500,0,0,1,0,0,0,0,9
114001506,Argent SVD(Achieve),0,82800,0,0,1,0,0,0,0,9
114001601,Argent SVD(Cash),0,650,1,0,1,0,0,0,1,9
114001602,Argent SVD(Cash),0,3400,1,0,1,0,0,0,1,9
114001603,Argent SVD(Cash),0,5350,1,0,1,0,0,0,1,9
114001604,Argent SVD(Cash),0,7800,1,0,1,0,0,0,1,9
114001606,Argent SVD(Cash),0,17550,1,0,1,0,0,0,1,9
114001701,DSR-E1(NewBase),0,1600,0,0,1,0,0,0,1,9
114001702,DSR-E1(NewBase),0,9000,0,0,1,0,0,0,1,9
114001703,DSR-E1(NewBase),0,14400,0,0,1,0,0,0,1,9
114001704,DSR-E1(NewBase),0,24000,0,0,1,0,0,0,1,9
114001706,DSR-E1(NewBase),0,57600,0,0,1,0,0,0,1,9
114001801,AWM 300(NewBase),0,1800,0,0,1,0,0,0,1,9
114001802,AWM 300(NewBase),0,10100,0,0,1,0,0,0,1,9
114001803,AWM 300(NewBase),0,16200,0,0,1,0,0,0,1,9
114001804,AWM 300(NewBase),0,27000,0,0,1,0,0,0,1,9
114001806,AWM 300(NewBase),0,64800,0,0,1,0,0,0,1,9
115001201,Prussian MP5,0,700,1,0,1,0,0,0,1,9
115001202,Prussian MP5,0,3550,1,0,1,0,0,0,1,9
115001203,Prussian MP5,0,5600,1,0,1,0,0,0,1,9
115001204,Prussian MP5,0,8150,1,0,1,0,0,0,1,9
115001206,Prussian MP5,0,18350,1,0,1,0,0,0,1,9
115001301,VZ 61 Twin(NewBase),0,1300,0,0,1,0,0,0,1,9
115001302,VZ 61 Twin(NewBase),0,7300,0,0,1,0,0,0,1,9
115001303,VZ 61 Twin(NewBase),0,11700,0,0,1,0,0,0,1,9
115001304,VZ 61 Twin(NewBase),0,19500,0,0,1,0,0,0,1,9
115001306,VZ 61 Twin(NewBase),0,46800,0,0,1,0,0,0,1,9
115001401,TP9(NewBase),0,1600,0,0,1,0,0,0,1,9
115001402,TP9(NewBase),0,9000,0,0,1,0,0,0,1,9
115001403,TP9(NewBase),0,14400,0,0,1,0,0,0,1,9
115001404,TP9(NewBase),0,24000,0,0,1,0,0,0,1,9
115001406,TP9(NewBase),0,57600,0,0,1,0,0,0,1,9
115001501,Green TP9(Achieve),0,2400,0,0,1,0,0,0,0,9
115001502,Green TP9(Achieve),0,13500,0,0,1,0,0,0,0,9
115001503,Green TP9(Achieve),0,21600,0,0,1,0,0,0,0,9
115001504,Green TP9(Achieve),0,36000,0,0,1,0,0,0,0,9
115001506,Green TP9(Achieve),0,86400,0,0,1,0,0,0,0,9
115001601,Green TP9(Cash),0,700,1,0,1,0,0,0,1,9
115001602,Green TP9(Cash),0,3550,1,0,1,0,0,0,1,9
115001603,Green TP9(Cash),0,5600,1,0,1,0,0,0,1,9
115001604,Green TP9(Cash),0,8150,1,0,1,0,0,0,1,9
115001606,Green TP9(Cash),0,18350,1,0,1,0,0,0,1,9
115001701,FN-P90(NewBase),0,750,1,0,1,0,0,0,1,9
115001702,FN-P90(NewBase),0,3850,1,0,1,0,0,0,1,9
115001703,FN-P90(NewBase),0,6050,1,0,1,0,0,0,1,9
115001704,FN-P90(NewBase),0,8850,1,0,1,0,0,0,1,9
115001706,FN-P90(NewBase),0,19850,1,0,1,0,0,0,1,9
115001901,MP5(NewBase),0,1600,0,0,1,0,0,0,1,9
115001902,MP5(NewBase),0,9000,0,0,1,0,0,0,1,9
115001903,MP5(NewBase),0,14400,0,0,1,0,0,0,1,9
115001904,MP5(NewBase),0,24000,0,0,1,0,0,0,1,9
115001906,MP5(NewBase),0,57600,0,0,1,0,0,0,1,9
121001001,DE. Crane-Aqua,0,700,1,0,1,2,0,0,1,2
121001002,DE. Crane-Aqua,0,3550,1,0,1,2,0,0,1,2
121001003,DE. Crane-Aqua,0,5600,1,0,1,2,0,0,1,2
121001004,DE. Crane-Aqua,0,8150,1,0,1,2,0,0,1,2
121001006,DE. Crane-Aqua,0,18350,1,0,1,2,0,0,1,2
121001101,DE Crane(NewBase),0,1200,0,0,1,0,0,0,1,9
121001102,DE Crane(NewBase),0,6800,0,0,1,0,0,0,1,9
121001103,DE Crane(NewBase),0,10800,0,0,1,0,0,0,1,9
121001104,DE Crane(NewBase),0,18000,0,0,1,0,0,0,1,9
121001106,DE Crane(NewBase),0,43200,0,0,1,0,0,0,1,9
121001301,Golden DE(Achieve),0,1800,0,0,1,0,0,0,0,9
121001302,Golden DE(Achieve),0,10100,0,0,1,0,0,0,0,9
121001303,Golden DE(Achieve),0,16200,0,0,1,0,0,0,0,9
121001304,Golden DE(Achieve),0,27000,0,0,1,0,0,0,0,9
121001306,Golden DE(Achieve),0,64800,0,0,1,0,0,0,0,9
121001401,Golden DE(Cash),0,500,1,0,1,0,0,0,1,9
121001402,Golden DE(Cash),0,2650,1,0,1,0,0,0,1,9
121001403,Golden DE(Cash),0,4200,1,0,1,0,0,0,1,9
121001404,Golden DE(Cash),0,6100,1,0,1,0,0,0,1,9
121001406,Golden DE(Cash),0,13750,1,0,1,0,0,0,1,9
121001501,Colt Anaconda(NewBase),0,1100,0,0,1,0,0,0,1,9
121001502,Colt Anaconda(NewBase),0,6200,0,0,1,0,0,0,1,9
121001503,Colt Anaconda(NewBase),0,9900,0,0,1,0,0,0,1,9
121001504,Colt Anaconda(NewBase),0,16500,0,0,1,0,0,0,1,9
121001506,Colt Anaconda(NewBase),0,39600,0,0,1,0,0,0,1,9
121001701,Glock(NewBase),0,1000,0,0,1,0,0,0,1,9
121001702,Glock(NewBase),0,5600,0,0,1,0,0,0,1,9
121001703,Glock(NewBase),0,9000,0,0,1,0,0,0,1,9
121001704,Glock(NewBase),0,15000,0,0,1,0,0,0,1,9
121001706,Glock(NewBase),0,36000,0,0,1,0,0,0,1,9
131000701,CombatKnife-Aqua,0,600,1,0,1,2,0,0,1,2
131000702,CombatKnife-Aqua,0,3250,1,0,1,2,0,0,1,2
131000703,CombatKnife-Aqua,0,5150,1,0,1,2,0,0,1,2
131000704,CombatKnife-Aqua,0,7450,1,0,1,2,0,0,1,2
131000706,CombatKnife-Aqua,0,16800,1,0,1,2,0,0,1,2
131000801,Combat Knife(NewBase),0,1100,0,0,1,0,0,0,1,9
131000802,Combat Knife(NewBase),0,6200,0,0,1,0,0,0,1,9
131000803,Combat Knife(NewBase),0,9900,0,0,1,0,0,0,1,9
131000804,Combat Knife(NewBase),0,16500,0,0,1,0,0,0,1,9
131000806,Combat Knife(NewBase),0,39600,0,0,1,0,0,0,1,9
131000901,Feux CombatKnife(Achieve),0,1700,0,0,1,0,0,0,0,9
131000902,Feux CombatKnife(Achieve),0,9600,0,0,1,0,0,0,0,9
131000903,Feux CombatKnife(Achieve),0,15300,0,0,1,0,0,0,0,9
131000904,Feux CombatKnife(Achieve),0,25500,0,0,1,0,0,0,0,9
131000906,Feux CombatKnife(Achieve),0,61200,0,0,1,0,0,0,0,9
131001001,Feux CombatKnife(Cash),0,500,1,0,1,0,0,0,1,9
131001002,Feux CombatKnife(Cash),0,2550,1,0,1,0,0,0,1,9
131001003,Feux CombatKnife(Cash),0,3950,1,0,1,0,0,0,1,9
131001004,Feux CombatKnife(Cash),0,5750,1,0,1,0,0,0,1,9
131001006,Feux CombatKnife(Cash),0,13000,1,0,1,0,0,0,1,9
131001101,Ottoman Quama(NewBase),0,1200,0,0,1,0,0,0,1,9
131001102,Ottoman Quama(NewBase),0,6800,0,0,1,0,0,0,1,9
131001103,Ottoman Quama(NewBase),0,10800,0,0,1,0,0,0,1,9
131001104,Ottoman Quama(NewBase),0,18000,0,0,1,0,0,0,1,9
131001106,Ottoman Quama(NewBase),0,43200,0,0,1,0,0,0,1,9
132000601,Hand Axe(NewBase),0,1400,0,0,1,0,0,0,1,9
132000602,Hand Axe(NewBase),0,7900,0,0,1,0,0,0,1,9
132000603,Hand Axe(NewBase),0,12600,0,0,1,0,0,0,1,9
132000604,Hand Axe(NewBase),0,21000,0,0,1,0,0,0,1,9
132000606,Hand Axe(NewBase),0,50400,0,0,1,0,0,0,1,9
132000801,Dusky HandAxe(Achieve),0,2100,0,0,1,0,0,0,0,9
132000802,Dusky HandAxe(Achieve),0,11800,0,0,1,0,0,0,0,9
132000803,Dusky HandAxe(Achieve),0,18900,0,0,1,0,0,0,0,9
132000804,Dusky HandAxe(Achieve),0,31500,0,0,1,0,0,0,0,9
132000806,Dusky HandAxe(Achieve),0,75600,0,0,1,0,0,0,0,9
132000901,Dusky HandAxe(Cash),0,600,1,0,1,0,0,0,1,9
132000902,Dusky HandAxe(Cash),0,3100,1,0,1,0,0,0,1,9
132000903,Dusky HandAxe(Cash),0,4900,1,0,1,0,0,0,1,9
132000904,Dusky HandAxe(Cash),0,7150,1,0,1,0,0,0,1,9
132000906,Dusky HandAxe(Cash),0,16050,1,0,1,0,0,0,1,9
132001001,Meat Axe(NewBase),0,650,1,0,1,0,0,0,1,9
132001002,Meat Axe(NewBase),0,3400,1,0,1,0,0,0,1,9
132001003,Meat Axe(NewBase),0,5350,1,0,1,0,0,0,1,9
132001004,Meat Axe(NewBase),0,7800,1,0,1,0,0,0,1,9
132001006,Meat Axe(NewBase),0,17550,1,0,1,0,0,0,1,9
133000501,BaseballBat(NewBase),0,600,1,0,1,0,0,0,1,9
133000502,BaseballBat(NewBase),0,3100,1,0,1,0,0,0,1,9
133000503,BaseballBat(NewBase),0,4900,1,0,1,0,0,0,1,9
133000504,BaseballBat(NewBase),0,7150,1,0,1,0,0,0,1,9
133000506,BaseballBat(NewBase),0,16050,1,0,1,0,0,0,1,9
133000601,Punisher(NewBase),0,1200,0,0,1,0,0,0,1,9
133000602,Punisher(NewBase),0,6800,0,0,1,0,0,0,1,9
133000603,Punisher(NewBase),0,10800,0,0,1,0,0,0,1,9
133000604,Punisher(NewBase),0,18000,0,0,1,0,0,0,1,9
133000606,Punisher(NewBase),0,43200,0,0,1,0,0,0,1,9
133000701,Bluish Punisher(Achieve),0,1800,0,0,1,0,0,0,0,9
133000702,Bluish Punisher(Achieve),0,10100,0,0,1,0,0,0,0,9
133000703,Bluish Punisher(Achieve),0,16200,0,0,1,0,0,0,0,9
133000704,Bluish Punisher(Achieve),0,27000,0,0,1,0,0,0,0,9
133000706,Bluish Punisher(Achieve),0,64800,0,0,1,0,0,0,0,9
133000801,Bluish Punisher(Cash),0,500,1,0,1,0,0,0,1,9
133000802,Bluish Punisher(Cash),0,2650,1,0,1,0,0,0,1,9
133000803,Bluish Punisher(Cash),0,4200,1,0,1,0,0,0,1,9
133000804,Bluish Punisher(Cash),0,6100,1,0,1,0,0,0,1,9
133000806,Bluish Punisher(Cash),0,13750,1,0,1,0,0,0,1,9
141000301,M18 White,0,1000,0,0,1,0,0,0,1,9
141000302,M18 White,0,6300,0,0,1,0,0,0,1,9
141000303,M18 White,0,12000,0,0,1,0,0,0,1,9
141000304,M18 White,0,24000,0,0,1,0,0,0,1,9
141000305,M18 White,0,35000,0,0,1,0,0,0,1,9
141000501,M67 mk2,0,2000,0,0,1,0,0,0,0,9
141000502,M67 mk2,0,13300,0,0,1,0,0,0,0,9
141000503,M67 mk2,0,27000,0,0,1,0,0,0,0,9
141000504,M67 mk2,0,51000,0,0,1,0,0,0,0,9
141000505,M67 mk2,0,80000,0,0,1,0,0,0,0,9
141000901,Heart Grenade,0,250,1,0,1,0,0,0,1,9
141000902,Heart Grenade,0,900,1,0,1,0,0,0,1,9
141000903,Heart Grenade,0,1750,1,0,1,0,0,0,1,9
141000904,Heart Grenade,0,3300,1,0,1,0,0,0,1,9

141000601,Snow Bomb,0,250,1,0,1,0,0,0,1,9
141000602,Snow Bomb,0,900,1,0,1,0,0,0,1,9
141000603,Snow Bomb,0,1750,1,0,1,0,0,0,1,9
141000604,Snow Bomb,0,3300,1,0,1,0,0,0,1,9

211300201,(Old)Mr.Mad,1,900,1,0,1,0,0,0,1,9
211300202,(Old)Mr.Mad,1,4750,1,0,1,0,0,0,1,9
211300203,(Old)Mr.Mad,1,7450,1,0,1,0,0,0,1,9
211300204,(Old)Mr.Mad,1,10850,1,0,1,0,0,0,1,9
211300205,(Old)Mr.Mad,1,2400,1,0,1,0,0,0,1,9


211100201,(Old)Jin,1,900,1,0,1,0,0,0,1,9
211100202,(Old)Jin,1,4750,1,0,1,0,0,0,1,9
211100203,(Old)Jin,1,7450,1,0,1,0,0,0,1,9
211100204,(Old)Jin,1,10850,1,0,1,0,0,0,1,9
211100205,(Old)Jin,1,2400,1,0,1,0,0,0,1,9

211100401,Lawrence,1,900,1,0,1,0,0,0,1,9
211100402,Lawrence,1,4750,1,0,1,0,0,0,1,9
211100403,Lawrence,1,7450,1,0,1,0,0,0,1,9
211100404,Lawrence,1,10850,1,0,1,0,0,0,1,9
211100406,Lawrence,1,2400,1,0,1,0,0,0,1,9
211100701,Baraz,1,950,1,0,1,0,0,0,1,9
211100702,Baraz,1,5050,1,0,1,0,0,0,1,9
211100703,Baraz,1,7950,1,0,1,0,0,0,1,9
211100704,Baraz,1,11550,1,0,1,0,0,0,1,9
211100706,Baraz,1,26000,1,0,1,0,0,0,1,9
211200101,Gloria,2,1550,1,0,1,0,0,0,1,9
211200102,Gloria,2,8150,1,0,1,0,0,0,1,9
211200103,Gloria,2,12850,1,0,1,0,0,0,1,9
211200104,Gloria,2,18700,1,0,1,0,0,0,1,9
211200106,Gloria,2,42050,1,0,1,0,0,0,1,9
211200201,Briget,2,1500,1,0,1,0,0,0,1,9
211200202,Briget,2,7850,1,0,1,0,0,0,1,9
211200203,Briget,2,12350,1,0,1,0,0,0,1,9
211200204,Briget,2,18000,1,0,1,0,0,0,1,9
211200206,Briget,2,40500,1,0,1,0,0,0,1,9
211200501,Bikini_Melissa,2,1650,1,0,1,2,0,0,1,2
211200502,Bikini_Melissa,2,8550,1,0,1,2,0,0,1,2
211200503,Bikini_Melissa,2,13400,1,0,1,2,0,0,1,2
211200504,Bikini_Melissa,2,19550,1,0,1,2,0,0,1,2
211200506,Bikini_Melissa,2,43950,1,0,1,2,0,0,1,2
211300401,Jackson,3,900,1,0,1,0,0,0,1,9
211300402,Jackson,3,4750,1,0,1,0,0,0,1,9
211300403,Jackson,3,7450,1,0,1,0,0,0,1,9
211300404,Jackson,3,10850,1,0,1,0,0,0,1,9
211300406,Jackson,3,2400,1,0,1,0,0,0,1,9
211300701,Besnik,3,950,1,0,1,0,0,0,1,9
211300702,Besnik,3,5050,1,0,1,0,0,0,1,9
211300703,Besnik,3,7950,1,0,1,0,0,0,1,9
211300704,Besnik,3,11550,1,0,1,0,0,0,1,9
211300706,Besnik,3,26000,1,0,1,0,0,0,1,9
211400101,Emilia,4,1500,1,0,1,0,0,0,1,9
211400102,Emilia,4,7850,1,0,1,0,0,0,1,9
211400103,Emilia,4,12350,1,0,1,0,0,0,1,9
211400104,Emilia,4,18000,1,0,1,0,0,0,1,9
211400106,Emilia,4,40500,1,0,1,0,0,0,1,9
211400301,Debora,4,1550,1,0,1,0,0,0,1,9
211400302,Debora,4,8150,1,0,1,0,0,0,1,9
211400303,Debora,4,12850,1,0,1,0,0,0,1,9
211400304,Debora,4,18700,1,0,1,0,0,0,1,9
211400306,Debora,4,42050,1,0,1,0,0,0,1,9
211400501,Bikini_Amber,4,1650,1,0,1,2,0,0,1,2
211400502,Bikini_Amber,4,8550,1,0,1,2,0,0,1,2
211400503,Bikini_Amber,4,13400,1,0,1,2,0,0,1,2
211400504,Bikini_Amber,4,19550,1,0,1,2,0,0,1,2
211400506,Bikini_Amber,4,43950,1,0,1,2,0,0,1,2
221100101,Swept Middle Cut,1,100,0,0,1,0,0,0,1,9
221100102,Swept Middle Cut,1,550,0,0,1,0,0,0,1,9
221100103,Swept Middle Cut,1,900,0,0,1,0,0,0,1,9
221100104,Swept Middle Cut,1,1500,0,0,1,0,0,0,1,9
221100106,Swept Middle Cut,1,3600,0,0,1,0,0,0,1,9
221100401,Swept Legend,1,100,1,0,1,0,0,0,1,9
221100402,Swept Legend,1,600,1,0,1,0,0,0,1,9
221100403,Swept Legend,1,950,1,0,1,0,0,0,1,9
221100404,Swept Legend,1,1350,1,0,1,0,0,0,1,9
221100406,Swept Legend,1,3050,1,0,1,0,0,0,1,9
221100501,Swept Soft Cut,1,100,0,0,1,0,0,0,1,9
221100502,Swept Soft Cut,1,550,0,0,1,0,0,0,1,9
221100503,Swept Soft Cut,1,900,0,0,1,0,0,0,1,9
221100504,Swept Soft Cut,1,1500,0,0,1,0,0,0,1,9
221100506,Swept Soft Cut,1,3600,0,0,1,0,0,0,1,9
221100701,Swept Natural,1,100,0,0,1,0,0,0,1,9
221100702,Swept Natural,1,550,0,0,1,0,0,0,1,9
221100703,Swept Natural,1,900,0,0,1,0,0,0,1,9
221100704,Swept Natural,1,1500,0,0,1,0,0,0,1,9
221100706,Swept Natural,1,3600,0,0,1,0,0,0,1,9
221100801,Regent Cut,1,350,0,0,1,0,0,0,0,9
221100802,Regent Cut,1,1950,0,0,1,0,0,0,0,9
221100803,Regent Cut,1,3150,0,0,1,0,0,0,0,9
221100804,Regent Cut,1,5250,0,0,1,0,0,0,0,9
221100806,Regent Cut,1,12600,0,0,1,0,0,0,0,9
221100901,Long Dandycut,1,100,0,0,1,0,0,0,1,9
221100902,Long Dandycut,1,550,0,0,1,0,0,0,1,9
221100903,Long Dandycut,1,900,0,0,1,0,0,0,1,9
221100904,Long Dandycut,1,1500,0,0,1,0,0,0,1,9
221100906,Long Dandycut,1,3600,0,0,1,0,0,0,1,9
221101001,Regent Cut_Cash,1,100,1,0,1,0,0,0,1,9
221101002,Regent Cut_Cash,1,600,1,0,1,0,0,0,1,9
221101003,Regent Cut_Cash,1,950,1,0,1,0,0,0,1,9
221101004,Regent Cut_Cash,1,1350,1,0,1,0,0,0,1,9
221101006,Regent Cut_Cash,1,3050,1,0,1,0,0,0,1,9
221300101,Soft Mohican,3,100,0,0,1,0,0,0,1,9
221300102,Soft Mohican,3,550,0,0,1,0,0,0,1,9
221300103,Soft Mohican,3,900,0,0,1,0,0,0,1,9
221300104,Soft Mohican,3,1500,0,0,1,0,0,0,1,9
221300106,Soft Mohican,3,3600,0,0,1,0,0,0,1,9
221300301,Original Mohican,3,100,0,0,1,0,0,0,1,9
221300302,Original Mohican,3,550,0,0,1,0,0,0,1,9
221300303,Original Mohican,3,900,0,0,1,0,0,0,1,9
221300304,Original Mohican,3,1500,0,0,1,0,0,0,1,9
221300306,Original Mohican,3,3600,0,0,1,0,0,0,1,9
221300401,Short Cornrow,3,350,0,0,1,0,0,0,0,9
221300402,Short Cornrow,3,1950,0,0,1,0,0,0,0,9
221300403,Short Cornrow,3,3150,0,0,1,0,0,0,0,9
221300404,Short Cornrow,3,5250,0,0,1,0,0,0,0,9
221300406,Short Cornrow,3,12600,0,0,1,0,0,0,0,9
221300501,Long Cornrow ,3,100,1,0,1,0,0,0,1,9
221300502,Long Cornrow ,3,600,1,0,1,0,0,0,1,9
221300503,Long Cornrow ,3,950,1,0,1,0,0,0,1,9
221300504,Long Cornrow ,3,1350,1,0,1,0,0,0,1,9
221300506,Long Cornrow ,3,3050,1,0,1,0,0,0,1,9
221300701,Indi Mohican,3,100,0,0,1,0,0,0,1,9
221300702,Indi Mohican,3,550,0,0,1,0,0,0,1,9
221300703,Indi Mohican,3,900,0,0,1,0,0,0,1,9
221300704,Indi Mohican,3,1500,0,0,1,0,0,0,1,9
221300706,Indi Mohican,3,3600,0,0,1,0,0,0,1,9
221301001,Short Cornrow_Cash,3,100,1,0,1,0,0,0,1,9
221301002,Short Cornrow_Cash,3,600,1,0,1,0,0,0,1,9
221301003,Short Cornrow_Cash,3,950,1,0,1,0,0,0,1,9
221301004,Short Cornrow_Cash,3,1350,1,0,1,0,0,0,1,9
221301006,Short Cornrow_Cash,3,3050,1,0,1,0,0,0,1,9
222100101,Police Cap,1,100,0,0,1,0,0,0,1,9
222100102,Police Cap,1,550,0,0,1,0,0,0,1,9
222100103,Police Cap,1,900,0,0,1,0,0,0,1,9
222100104,Police Cap,1,1500,0,0,1,0,0,0,1,9
222100106,Police Cap,1,3600,0,0,1,0,0,0,1,9
222100301,Navyseal Hat,1,350,0,0,1,0,0,0,0,9
222100302,Navyseal Hat,1,1950,0,0,1,0,0,0,0,9
222100303,Navyseal Hat,1,3150,0,0,1,0,0,0,0,9
222100304,Navyseal Hat,1,5250,0,0,1,0,0,0,0,9
222100306,Navyseal Hat,1,12600,0,0,1,0,0,0,0,9
222100401,Officer Cap-A,1,350,0,0,1,0,0,0,0,9
222100402,Officer Cap-A,1,1950,0,0,1,0,0,0,0,9
222100403,Officer Cap-A,1,3150,0,0,1,0,0,0,0,9
222100404,Officer Cap-A,1,5250,0,0,1,0,0,0,0,9
222100406,Officer Cap-A,1,12600,0,0,1,0,0,0,0,9
222100501,Officer Cap-B,1,350,0,0,1,0,0,0,0,9
222100502,Officer Cap-B,1,1950,0,0,1,0,0,0,0,9
222100503,Officer Cap-B,1,3150,0,0,1,0,0,0,0,9
222100504,Officer Cap-B,1,5250,0,0,1,0,0,0,0,9
222100506,Officer Cap-B,1,12600,0,0,1,0,0,0,0,9
222100601,Officer Cap-C,1,350,0,0,1,0,0,0,0,9
222100602,Officer Cap-C,1,1950,0,0,1,0,0,0,0,9
222100603,Officer Cap-C,1,3150,0,0,1,0,0,0,0,9
222100604,Officer Cap-C,1,5250,0,0,1,0,0,0,0,9
222100606,Officer Cap-C,1,12600,0,0,1,0,0,0,0,9
222100701,Officer Cap-D,1,350,0,0,1,0,0,0,0,9
222100702,Officer Cap-D,1,1950,0,0,1,0,0,0,0,9
222100703,Officer Cap-D,1,3150,0,0,1,0,0,0,0,9
222100704,Officer Cap-D,1,5250,0,0,1,0,0,0,0,9
222100706,Officer Cap-D,1,12600,0,0,1,0,0,0,0,9
222100901,Forest Cap,1,350,0,0,1,0,0,0,0,9
222100902,Forest Cap,1,1950,0,0,1,0,0,0,0,9
222100903,Forest Cap,1,3150,0,0,1,0,0,0,0,9
222100904,Forest Cap,1,5250,0,0,1,0,0,0,0,9
222100906,Forest Cap,1,12600,0,0,1,0,0,0,0,9
222101001,Cowboy Hat,1,350,0,0,1,0,0,0,0,9
222101002,Cowboy Hat,1,1950,0,0,1,0,0,0,0,9
222101003,Cowboy Hat,1,3150,0,0,1,0,0,0,0,9
222101004,Cowboy Hat,1,5250,0,0,1,0,0,0,0,9
222101006,Cowboy Hat,1,12600,0,0,1,0,0,0,0,9
222101301,Black Beanie,1,100,1,0,1,0,0,0,1,9
222101302,Black Beanie,1,600,1,0,1,0,0,0,1,9
222101303,Black Beanie,1,950,1,0,1,0,0,0,1,9
222101304,Black Beanie,1,1350,1,0,1,0,0,0,1,9
222101306,Black Beanie,1,3050,1,0,1,0,0,0,1,9
222101401,Navyseal Hat_Cash,1,100,1,0,1,0,0,0,1,9
222101402,Navyseal Hat_Cash,1,600,1,0,1,0,0,0,1,9
222101403,Navyseal Hat_Cash,1,950,1,0,1,0,0,0,1,9
222101404,Navyseal Hat_Cash,1,1350,1,0,1,0,0,0,1,9
222101406,Navyseal Hat_Cash,1,3050,1,0,1,0,0,0,1,9
222101501,Forest Cap_Cash,1,100,1,0,1,0,0,0,1,9
222101502,Forest Cap_Cash,1,600,1,0,1,0,0,0,1,9
222101503,Forest Cap_Cash,1,950,1,0,1,0,0,0,1,9
222101504,Forest Cap_Cash,1,1350,1,0,1,0,0,0,1,9
222101506,Forest Cap_Cash,1,3050,1,0,1,0,0,0,1,9
222101601,Cowboy Hat_Cash,1,100,1,0,1,0,0,0,1,9
222101602,Cowboy Hat_Cash,1,600,1,0,1,0,0,0,1,9
222101603,Cowboy Hat_Cash,1,950,1,0,1,0,0,0,1,9
222101604,Cowboy Hat_Cash,1,1350,1,0,1,0,0,0,1,9
222101606,Cowboy Hat_Cash,1,3050,1,0,1,0,0,0,1,9
222300101,TJ Head Box,3,350,0,0,1,0,0,0,0,9
222300102,TJ Head Box,3,1950,0,0,1,0,0,0,0,9
222300103,TJ Head Box,3,3150,0,0,1,0,0,0,0,9
222300104,TJ Head Box,3,5250,0,0,1,0,0,0,0,9
222300106,TJ Head Box,3,12600,0,0,1,0,0,0,0,9
222300201,Brown Bug,3,100,0,0,1,0,0,0,1,9
222300202,Brown Bug,3,550,0,0,1,0,0,0,1,9
222300203,Brown Bug,3,900,0,0,1,0,0,0,1,9
222300204,Brown Bug,3,1500,0,0,1,0,0,0,1,9
222300206,Brown Bug,3,3600,0,0,1,0,0,0,1,9
222300401,Classic Fedora-A,3,350,0,0,1,0,0,0,0,9
222300402,Classic Fedora-A,3,1950,0,0,1,0,0,0,0,9
222300403,Classic Fedora-A,3,3150,0,0,1,0,0,0,0,9
222300404,Classic Fedora-A,3,5250,0,0,1,0,0,0,0,9
222300406,Classic Fedora-A,3,12600,0,0,1,0,0,0,0,9
222300501,Classic Fedora-B,3,350,0,0,1,0,0,0,0,9
222300502,Classic Fedora-B,3,1950,0,0,1,0,0,0,0,9
222300503,Classic Fedora-B,3,3150,0,0,1,0,0,0,0,9
222300504,Classic Fedora-B,3,5250,0,0,1,0,0,0,0,9
222300506,Classic Fedora-B,3,12600,0,0,1,0,0,0,0,9
222300601,Classic Fedora-C,3,350,0,0,1,0,0,0,0,9
222300602,Classic Fedora-C,3,1950,0,0,1,0,0,0,0,9
222300603,Classic Fedora-C,3,3150,0,0,1,0,0,0,0,9
222300604,Classic Fedora-C,3,5250,0,0,1,0,0,0,0,9
222300606,Classic Fedora-C,3,12600,0,0,1,0,0,0,0,9
222300701,Classic Fedora-D,3,350,0,0,1,0,0,0,0,9
222300702,Classic Fedora-D,3,1950,0,0,1,0,0,0,0,9
222300703,Classic Fedora-D,3,3150,0,0,1,0,0,0,0,9
222300704,Classic Fedora-D,3,5250,0,0,1,0,0,0,0,9
222300706,Classic Fedora-D,3,12600,0,0,1,0,0,0,0,9
222300901,White Beanie,3,350,0,0,1,0,0,0,0,9
222300902,White Beanie,3,1950,0,0,1,0,0,0,0,9
222300903,White Beanie,3,3150,0,0,1,0,0,0,0,9
222300904,White Beanie,3,5250,0,0,1,0,0,0,0,9
222300906,White Beanie,3,12600,0,0,1,0,0,0,0,9
222301001,Red Bandana,3,350,0,0,1,0,0,0,0,9
222301002,Red Bandana,3,1950,0,0,1,0,0,0,0,9
222301003,Red Bandana,3,3150,0,0,1,0,0,0,0,9
222301004,Red Bandana,3,5250,0,0,1,0,0,0,0,9
222301006,Red Bandana,3,12600,0,0,1,0,0,0,0,9
222301101,Doublebelt Armycap,3,100,0,0,1,0,0,0,1,9
222301102,Doublebelt Armycap,3,550,0,0,1,0,0,0,1,9
222301103,Doublebelt Armycap,3,900,0,0,1,0,0,0,1,9
222301104,Doublebelt Armycap,3,1500,0,0,1,0,0,0,1,9
222301106,Doublebelt Armycap,3,3600,0,0,1,0,0,0,1,9
222301201,Rasta Hair Band,3,100,1,0,1,0,0,0,1,9
222301202,Rasta Hair Band,3,600,1,0,1,0,0,0,1,9
222301203,Rasta Hair Band,3,950,1,0,1,0,0,0,1,9
222301204,Rasta Hair Band,3,1350,1,0,1,0,0,0,1,9
222301206,Rasta Hair Band,3,3050,1,0,1,0,0,0,1,9
222301401,Military Cap,3,100,1,0,1,0,0,0,1,9
222301402,Military Cap,3,600,1,0,1,0,0,0,1,9
222301403,Military Cap,3,950,1,0,1,0,0,0,1,9
222301404,Military Cap,3,1350,1,0,1,0,0,0,1,9
222301406,Military Cap,3,3050,1,0,1,0,0,0,1,9
222301601,Winter Cap,3,100,1,0,1,0,0,0,1,9
222301602,Winter Cap,3,600,1,0,1,0,0,0,1,9
222301603,Winter Cap,3,950,1,0,1,0,0,0,1,9
222301604,Winter Cap,3,1350,1,0,1,0,0,0,1,9
222301606,Winter Cap,3,3050,1,0,1,0,0,0,1,9
222301701,Coloful Cap,3,100,1,0,1,0,0,0,1,9
222301702,Coloful Cap,3,600,1,0,1,0,0,0,1,9
222301703,Coloful Cap,3,950,1,0,1,0,0,0,1,9
222301704,Coloful Cap,3,1350,1,0,1,0,0,0,1,9
222301706,Coloful Cap,3,3050,1,0,1,0,0,0,1,9
222301801,TJ Head Box_Cash,3,100,1,0,1,0,0,0,1,9
222301802,TJ Head Box_Cash,3,600,1,0,1,0,0,0,1,9
222301803,TJ Head Box_Cash,3,950,1,0,1,0,0,0,1,9
222301804,TJ Head Box_Cash,3,1350,1,0,1,0,0,0,1,9
222301806,TJ Head Box_Cash,3,3050,1,0,1,0,0,0,1,9
222301901,Red Bandana_Cash,3,100,1,0,1,0,0,0,1,9
222301902,Red Bandana_Cash,3,600,1,0,1,0,0,0,1,9
222301903,Red Bandana_Cash,3,950,1,0,1,0,0,0,1,9
222301904,Red Bandana_Cash,3,1350,1,0,1,0,0,0,1,9
222301906,Red Bandana_Cash,3,3050,1,0,1,0,0,0,1,9
222302001,White Beanie_Cash,3,100,1,0,1,0,0,0,1,9
222302002,White Beanie_Cash,3,600,1,0,1,0,0,0,1,9
222302003,White Beanie_Cash,3,950,1,0,1,0,0,0,1,9
222302004,White Beanie_Cash,3,1350,1,0,1,0,0,0,1,9
222302006,White Beanie_Cash,3,3050,1,0,1,0,0,0,1,9
222303201,Desperado Hat,3,200,1,0,1,0,0,0,1,9
222303202,Desperado Hat,3,1100,1,0,1,0,0,0,1,9
222303203,Desperado Hat,3,1750,1,0,1,0,0,0,1,9
222303204,Desperado Hat,3,2550,1,0,1,0,0,0,1,9
222303206,Desperado Hat,3,5750,1,0,1,0,0,0,1,9
231100101,GIGN Jacket,1,300,1,0,1,0,0,0,1,9
231100102,GIGN Jacket,1,1650,1,0,1,0,0,0,1,9
231100103,GIGN Jacket,1,2550,1,0,1,0,0,0,1,9
231100104,GIGN Jacket,1,3750,1,0,1,0,0,0,1,9
231100106,GIGN Jacket,1,8400,1,0,1,0,0,0,1,9
231100301,SWAT V01 Jacket,1,300,0,0,1,0,0,0,1,9
231100302,SWAT V01 Jacket,1,1700,0,0,1,0,0,0,1,9
231100303,SWAT V01 Jacket,1,2700,0,0,1,0,0,0,1,9
231100304,SWAT V01 Jacket,1,4500,0,0,1,0,0,0,1,9
231100306,SWAT V01 Jacket,1,10800,0,0,1,0,0,0,1,9
231100901,SWAT V02 Jacket,1,300,0,0,1,0,0,0,1,9
231100902,SWAT V02 Jacket,1,1700,0,0,1,0,0,0,1,9
231100903,SWAT V02 Jacket,1,2700,0,0,1,0,0,0,1,9
231100904,SWAT V02 Jacket,1,4500,0,0,1,0,0,0,1,9
231100906,SWAT V02 Jacket,1,10800,0,0,1,0,0,0,1,9
231101001,707 Jacket,1,300,0,0,1,0,0,0,1,9
231101002,707 Jacket,1,1700,0,0,1,0,0,0,1,9
231101003,707 Jacket,1,2700,0,0,1,0,0,0,1,9
231101004,707 Jacket,1,4500,0,0,1,0,0,0,1,9
231101006,707 Jacket,1,10800,0,0,1,0,0,0,1,9
231101201,SWAT Jacket,1,300,0,0,1,0,0,0,1,9
231101202,SWAT Jacket,1,1700,0,0,1,0,0,0,1,9
231101203,SWAT Jacket,1,2700,0,0,1,0,0,0,1,9
231101204,SWAT Jacket,1,4500,0,0,1,0,0,0,1,9
231101206,SWAT Jacket,1,10800,0,0,1,0,0,0,1,9
231101301,Navyseal Jacket,1,950,0,0,1,0,0,0,0,9
231101302,Navyseal Jacket,1,5300,0,0,1,0,0,0,0,9
231101303,Navyseal Jacket,1,8550,0,0,1,0,0,0,0,9
231101304,Navyseal Jacket,1,14250,0,0,1,0,0,0,0,9
231101306,Navyseal Jacket,1,34200,0,0,1,0,0,0,0,9
231101401,Officer Suit Jacket-A,1,950,0,0,1,0,0,0,0,9
231101402,Officer Suit Jacket-A,1,5300,0,0,1,0,0,0,0,9
231101403,Officer Suit Jacket-A,1,8550,0,0,1,0,0,0,0,9
231101404,Officer Suit Jacket-A,1,14250,0,0,1,0,0,0,0,9
231101406,Officer Suit Jacket-A,1,34200,0,0,1,0,0,0,0,9
231101501,Officer Suit Jacket-B,1,950,0,0,1,0,0,0,0,9
231101502,Officer Suit Jacket-B,1,5300,0,0,1,0,0,0,0,9
231101503,Officer Suit Jacket-B,1,8550,0,0,1,0,0,0,0,9
231101504,Officer Suit Jacket-B,1,14250,0,0,1,0,0,0,0,9
231101506,Officer Suit Jacket-B,1,34200,0,0,1,0,0,0,0,9
231101601,Officer Suit Jacket-C,1,950,0,0,1,0,0,0,0,9
231101602,Officer Suit Jacket-C,1,5300,0,0,1,0,0,0,0,9
231101603,Officer Suit Jacket-C,1,8550,0,0,1,0,0,0,0,9
231101604,Officer Suit Jacket-C,1,14250,0,0,1,0,0,0,0,9
231101606,Officer Suit Jacket-C,1,34200,0,0,1,0,0,0,0,9
231101701,Officer Suit Jacket-D,1,950,0,0,1,0,0,0,0,9
231101702,Officer Suit Jacket-D,1,5300,0,0,1,0,0,0,0,9
231101703,Officer Suit Jacket-D,1,8550,0,0,1,0,0,0,0,9
231101704,Officer Suit Jacket-D,1,14250,0,0,1,0,0,0,0,9
231101706,Officer Suit Jacket-D,1,34200,0,0,1,0,0,0,0,9
231101801,Forest Camo Vest,1,950,0,0,1,0,0,0,0,9
231101802,Forest Camo Vest,1,5300,0,0,1,0,0,0,0,9
231101803,Forest Camo Vest,1,8550,0,0,1,0,0,0,0,9
231101804,Forest Camo Vest,1,14250,0,0,1,0,0,0,0,9
231101806,Forest Camo Vest,1,34200,0,0,1,0,0,0,0,9
231101901,Sheriff Shirt,1,950,0,0,1,0,0,0,0,9
231101902,Sheriff Shirt,1,5300,0,0,1,0,0,0,0,9
231101903,Sheriff Shirt,1,8550,0,0,1,0,0,0,0,9
231101904,Sheriff Shirt,1,14250,0,0,1,0,0,0,0,9
231101906,Sheriff Shirt,1,34200,0,0,1,0,0,0,0,9
231102001,Police Vest,1,950,0,0,1,0,0,0,0,9
231102002,Police Vest,1,5300,0,0,1,0,0,0,0,9
231102003,Police Vest,1,8550,0,0,1,0,0,0,0,9
231102004,Police Vest,1,14250,0,0,1,0,0,0,0,9
231102006,Police Vest,1,34200,0,0,1,0,0,0,0,9
231102201,SWAT Commando Top,1,300,0,0,1,0,0,0,1,9
231102202,SWAT Commando Top,1,1700,0,0,1,0,0,0,1,9
231102203,SWAT Commando Top,1,2700,0,0,1,0,0,0,1,9
231102204,SWAT Commando Top,1,4500,0,0,1,0,0,0,1,9
231102206,SWAT Commando Top,1,10800,0,0,1,0,0,0,1,9
231102301,Bike Jacket,1,300,1,0,1,0,0,0,1,9
231102302,Bike Jacket,1,1650,1,0,1,0,0,0,1,9
231102303,Bike Jacket,1,2550,1,0,1,0,0,0,1,9
231102304,Bike Jacket,1,3750,1,0,1,0,0,0,1,9
231102306,Bike Jacket,1,8400,1,0,1,0,0,0,1,9
231102401,RiotGear Top,1,300,1,0,1,0,0,0,1,9
231102402,RiotGear Top,1,1650,1,0,1,0,0,0,1,9
231102403,RiotGear Top,1,2550,1,0,1,0,0,0,1,9
231102404,RiotGear Top,1,3750,1,0,1,0,0,0,1,9
231102406,RiotGear Top,1,8400,1,0,1,0,0,0,1,9
231102701,Arctic Jumper,1,300,1,0,1,0,0,0,1,9
231102702,Arctic Jumper,1,1650,1,0,1,0,0,0,1,9
231102703,Arctic Jumper,1,2550,1,0,1,0,0,0,1,9
231102704,Arctic Jumper,1,3750,1,0,1,0,0,0,1,9
231102706,Arctic Jumper,1,8400,1,0,1,0,0,0,1,9
231102801,Snow Camo Jacket,1,300,1,0,1,0,0,0,1,9
231102802,Snow Camo Jacket,1,1650,1,0,1,0,0,0,1,9
231102803,Snow Camo Jacket,1,2550,1,0,1,0,0,0,1,9
231102804,Snow Camo Jacket,1,3750,1,0,1,0,0,0,1,9
231102806,Snow Camo Jacket,1,8400,1,0,1,0,0,0,1,9
231103001,Police Vest_Cash,1,300,1,0,1,0,0,0,1,9
231103002,Police Vest_Cash,1,1650,1,0,1,0,0,0,1,9
231103003,Police Vest_Cash,1,2550,1,0,1,0,0,0,1,9
231103004,Police Vest_Cash,1,3750,1,0,1,0,0,0,1,9
231103006,Police Vest_Cash,1,8400,1,0,1,0,0,0,1,9
231103101,Navyseal Jacket_Cash,1,300,1,0,1,0,0,0,1,9
231103102,Navyseal Jacket_Cash,1,1650,1,0,1,0,0,0,1,9
231103103,Navyseal Jacket_Cash,1,2550,1,0,1,0,0,0,1,9
231103104,Navyseal Jacket_Cash,1,3750,1,0,1,0,0,0,1,9
231103106,Navyseal Jacket_Cash,1,8400,1,0,1,0,0,0,1,9
231103201,Forest Camo Vest_Cash,1,300,1,0,1,0,0,0,1,9
231103202,Forest Camo Vest_Cash,1,1650,1,0,1,0,0,0,1,9
231103203,Forest Camo Vest_Cash,1,2550,1,0,1,0,0,0,1,9
231103204,Forest Camo Vest_Cash,1,3750,1,0,1,0,0,0,1,9
231103206,Forest Camo Vest_Cash,1,8400,1,0,1,0,0,0,1,9
231103301,Sheriff Shirt_Cash,1,300,1,0,1,0,0,0,1,9
231103302,Sheriff Shirt_Cash,1,1650,1,0,1,0,0,0,1,9
231103303,Sheriff Shirt_Cash,1,2550,1,0,1,0,0,0,1,9
231103304,Sheriff Shirt_Cash,1,3750,1,0,1,0,0,0,1,9
231103306,Sheriff Shirt_Cash,1,8400,1,0,1,0,0,0,1,9
231103401,NOCS Jacket,1,500,1,0,1,0,0,0,1,9
231103402,NOCS Jacket,1,2600,1,0,1,0,0,0,1,9
231103403,NOCS Jacket,1,4100,1,0,1,0,0,0,1,9
231103404,NOCS Jacket,1,5950,1,0,1,0,0,0,1,9
231103406,NOCS Jacket,1,13350,1,0,1,0,0,0,1,9
231300101,Prisoner Shirt,3,300,0,0,1,0,0,0,1,9
231300102,Prisoner Shirt,3,1700,0,0,1,0,0,0,1,9
231300103,Prisoner Shirt,3,2700,0,0,1,0,0,0,1,9
231300104,Prisoner Shirt,3,4500,0,0,1,0,0,0,1,9
231300106,Prisoner Shirt,3,10800,0,0,1,0,0,0,1,9
231300401,The Bulls,3,950,0,0,1,0,0,0,0,9
231300402,The Bulls,3,5300,0,0,1,0,0,0,0,9
231300403,The Bulls,3,8550,0,0,1,0,0,0,0,9
231300404,The Bulls,3,14250,0,0,1,0,0,0,0,9
231300406,The Bulls,3,34200,0,0,1,0,0,0,0,9
231300501,The Pride,3,950,0,0,1,0,0,0,0,9
231300502,The Pride,3,5300,0,0,1,0,0,0,0,9
231300503,The Pride,3,8550,0,0,1,0,0,0,0,9
231300504,The Pride,3,14250,0,0,1,0,0,0,0,9
231300506,The Pride,3,34200,0,0,1,0,0,0,0,9
231300601,Romantic Wine,3,300,0,0,1,0,0,0,1,9
231300602,Romantic Wine,3,1700,0,0,1,0,0,0,1,9
231300603,Romantic Wine,3,2700,0,0,1,0,0,0,1,9
231300604,Romantic Wine,3,4500,0,0,1,0,0,0,1,9
231300606,Romantic Wine,3,10800,0,0,1,0,0,0,1,9
231300701,Riding Jacket,3,300,1,0,1,0,0,0,1,9
231300702,Riding Jacket,3,1650,1,0,1,0,0,0,1,9
231300703,Riding Jacket,3,2550,1,0,1,0,0,0,1,9
231300704,Riding Jacket,3,3750,1,0,1,0,0,0,1,9
231300706,Riding Jacket,3,8400,1,0,1,0,0,0,1,9
231300801,Blitz,3,950,0,0,1,0,0,0,0,9
231300802,Blitz,3,5300,0,0,1,0,0,0,0,9
231300803,Blitz,3,8550,0,0,1,0,0,0,0,9
231300804,Blitz,3,14250,0,0,1,0,0,0,0,9
231300806,Blitz,3,34200,0,0,1,0,0,0,0,9
231300901,Men Hunter,3,300,0,0,1,0,0,0,1,9
231300902,Men Hunter,3,1700,0,0,1,0,0,0,1,9
231300903,Men Hunter,3,2700,0,0,1,0,0,0,1,9
231300904,Men Hunter,3,4500,0,0,1,0,0,0,1,9
231300906,Men Hunter,3,10800,0,0,1,0,0,0,1,9
231301001,Black Star,3,950,0,0,1,0,0,0,0,9
231301002,Black Star,3,5300,0,0,1,0,0,0,0,9
231301003,Black Star,3,8550,0,0,1,0,0,0,0,9
231301004,Black Star,3,14250,0,0,1,0,0,0,0,9
231301006,Black Star,3,34200,0,0,1,0,0,0,0,9
231301301,White Tanktop,3,300,0,0,1,0,0,0,1,9
231301302,White Tanktop,3,1700,0,0,1,0,0,0,1,9
231301303,White Tanktop,3,2700,0,0,1,0,0,0,1,9
231301304,White Tanktop,3,4500,0,0,1,0,0,0,1,9
231301306,White Tanktop,3,10800,0,0,1,0,0,0,1,9
231301401,Fakefur Coat-A,3,950,0,0,1,0,0,0,0,9
231301402,Fakefur Coat-A,3,5300,0,0,1,0,0,0,0,9
231301403,Fakefur Coat-A,3,8550,0,0,1,0,0,0,0,9
231301404,Fakefur Coat-A,3,14250,0,0,1,0,0,0,0,9
231301406,Fakefur Coat-A,3,34200,0,0,1,0,0,0,0,9
231301501,Fakefur Coat-B,3,950,0,0,1,0,0,0,0,9
231301502,Fakefur Coat-B,3,5300,0,0,1,0,0,0,0,9
231301503,Fakefur Coat-B,3,8550,0,0,1,0,0,0,0,9
231301504,Fakefur Coat-B,3,14250,0,0,1,0,0,0,0,9
231301506,Fakefur Coat-B,3,34200,0,0,1,0,0,0,0,9
231301601,Fakefur Coat-C,3,950,0,0,1,0,0,0,0,9
231301602,Fakefur Coat-C,3,5300,0,0,1,0,0,0,0,9
231301603,Fakefur Coat-C,3,8550,0,0,1,0,0,0,0,9
231301604,Fakefur Coat-C,3,14250,0,0,1,0,0,0,0,9
231301606,Fakefur Coat-C,3,34200,0,0,1,0,0,0,0,9
231301701,Fakefur Coat-D,3,950,0,0,1,0,0,0,0,9
231301702,Fakefur Coat-D,3,5300,0,0,1,0,0,0,0,9
231301703,Fakefur Coat-D,3,8550,0,0,1,0,0,0,0,9
231301704,Fakefur Coat-D,3,14250,0,0,1,0,0,0,0,9
231301706,Fakefur Coat-D,3,34200,0,0,1,0,0,0,0,9
231302001,Yellow Tanktop,3,300,0,0,1,0,0,0,1,9
231302002,Yellow Tanktop,3,1700,0,0,1,0,0,0,1,9
231302003,Yellow Tanktop,3,2700,0,0,1,0,0,0,1,9
231302004,Yellow Tanktop,3,4500,0,0,1,0,0,0,1,9
231302006,Yellow Tanktop,3,10800,0,0,1,0,0,0,1,9
231302101,Green Sweatshirt,3,300,1,0,1,0,0,0,1,9
231302102,Green Sweatshirt,3,1650,1,0,1,0,0,0,1,9
231302103,Green Sweatshirt,3,2550,1,0,1,0,0,0,1,9
231302104,Green Sweatshirt,3,3750,1,0,1,0,0,0,1,9
231302106,Green Sweatshirt,3,8400,1,0,1,0,0,0,1,9
231302301,Orange Jumper,3,300,1,0,1,0,0,0,1,9
231302302,Orange Jumper,3,1650,1,0,1,0,0,0,1,9
231302303,Orange Jumper,3,2550,1,0,1,0,0,0,1,9
231302304,Orange Jumper,3,3750,1,0,1,0,0,0,1,9
231302306,Orange Jumper,3,8400,1,0,1,0,0,0,1,9
231302501,Padding Parka,3,300,1,0,1,0,0,0,1,9
231302502,Padding Parka,3,1650,1,0,1,0,0,0,1,9
231302503,Padding Parka,3,2550,1,0,1,0,0,0,1,9
231302504,Padding Parka,3,3750,1,0,1,0,0,0,1,9
231302506,Padding Parka,3,8400,1,0,1,0,0,0,1,9
231302601,Check Parka,3,300,1,0,1,0,0,0,1,9
231302602,Check Parka,3,1650,1,0,1,0,0,0,1,9
231302603,Check Parka,3,2550,1,0,1,0,0,0,1,9
231302604,Check Parka,3,3750,1,0,1,0,0,0,1,9
231302606,Check Parka,3,8400,1,0,1,0,0,0,1,9
231302801,Black Star_Cash,3,300,1,0,1,0,0,0,1,9
231302802,Black Star_Cash,3,1650,1,0,1,0,0,0,1,9
231302803,Black Star_Cash,3,2550,1,0,1,0,0,0,1,9
231302804,Black Star_Cash,3,3750,1,0,1,0,0,0,1,9
231302806,Black Star_Cash,3,8400,1,0,1,0,0,0,1,9
231302901,The Pride_Cash,3,300,1,0,1,0,0,0,1,9
231302902,The Pride_Cash,3,1650,1,0,1,0,0,0,1,9
231302903,The Pride_Cash,3,2550,1,0,1,0,0,0,1,9
231302904,The Pride_Cash,3,3750,1,0,1,0,0,0,1,9
231302906,The Pride_Cash,3,8400,1,0,1,0,0,0,1,9
231303001,Blitz_Cash,3,300,1,0,1,0,0,0,1,9
231303002,Blitz_Cash,3,1650,1,0,1,0,0,0,1,9
231303003,Blitz_Cash,3,2550,1,0,1,0,0,0,1,9
231303004,Blitz_Cash,3,3750,1,0,1,0,0,0,1,9
231303006,Blitz_Cash,3,8400,1,0,1,0,0,0,1,9
231303101,The Bulls_Cash,3,300,1,0,1,0,0,0,1,9
231303102,The Bulls_Cash,3,1650,1,0,1,0,0,0,1,9
231303103,The Bulls_Cash,3,2550,1,0,1,0,0,0,1,9
231303104,The Bulls_Cash,3,3750,1,0,1,0,0,0,1,9
231303106,The Bulls_Cash,3,8400,1,0,1,0,0,0,1,9
231303201,Desperado Shirt,3,500,1,0,1,0,0,0,1,9
231303202,Desperado Shirt,3,2600,1,0,1,0,0,0,1,9
231303203,Desperado Shirt,3,4100,1,0,1,0,0,0,1,9
231303204,Desperado Shirt,3,5950,1,0,1,0,0,0,1,9
231303206,Desperado Shirt,3,13350,1,0,1,0,0,0,1,9
241100101,GIGN Pants,1,300,1,0,1,0,0,0,1,9
241100102,GIGN Pants,1,1650,1,0,1,0,0,0,1,9
241100103,GIGN Pants,1,2550,1,0,1,0,0,0,1,9
241100104,GIGN Pants,1,3750,1,0,1,0,0,0,1,9
241100106,GIGN Pants,1,8400,1,0,1,0,0,0,1,9
241100501,SWAT V01 Pants,1,300,0,0,1,0,0,0,1,9
241100502,SWAT V01 Pants,1,1700,0,0,1,0,0,0,1,9
241100503,SWAT V01 Pants,1,2700,0,0,1,0,0,0,1,9
241100504,SWAT V01 Pants,1,4500,0,0,1,0,0,0,1,9
241100506,SWAT V01 Pants,1,10800,0,0,1,0,0,0,1,9
241101001,SWAT V02 Pants,1,300,0,0,1,0,0,0,1,9
241101002,SWAT V02 Pants,1,1700,0,0,1,0,0,0,1,9
241101003,SWAT V02 Pants,1,2700,0,0,1,0,0,0,1,9
241101004,SWAT V02 Pants,1,4500,0,0,1,0,0,0,1,9
241101006,SWAT V02 Pants,1,10800,0,0,1,0,0,0,1,9
241101101,707 Pants,1,300,0,0,1,0,0,0,1,9
241101102,707 Pants,1,1700,0,0,1,0,0,0,1,9
241101103,707 Pants,1,2700,0,0,1,0,0,0,1,9
241101104,707 Pants,1,4500,0,0,1,0,0,0,1,9
241101106,707 Pants,1,10800,0,0,1,0,0,0,1,9
241101301,SWAT Pants,1,300,0,0,1,0,0,0,1,9
241101302,SWAT Pants,1,1700,0,0,1,0,0,0,1,9
241101303,SWAT Pants,1,2700,0,0,1,0,0,0,1,9
241101304,SWAT Pants,1,4500,0,0,1,0,0,0,1,9
241101306,SWAT Pants,1,10800,0,0,1,0,0,0,1,9
241101401,Navyseal Pants,1,950,0,0,1,0,0,0,0,9
241101402,Navyseal Pants,1,5300,0,0,1,0,0,0,0,9
241101403,Navyseal Pants,1,8550,0,0,1,0,0,0,0,9
241101404,Navyseal Pants,1,14250,0,0,1,0,0,0,0,9
241101406,Navyseal Pants,1,34200,0,0,1,0,0,0,0,9
241101501,Officer Suit Pants-A,1,950,0,0,1,0,0,0,0,9
241101502,Officer Suit Pants-A,1,5300,0,0,1,0,0,0,0,9
241101503,Officer Suit Pants-A,1,8550,0,0,1,0,0,0,0,9
241101504,Officer Suit Pants-A,1,14250,0,0,1,0,0,0,0,9
241101506,Officer Suit Pants-A,1,34200,0,0,1,0,0,0,0,9
241101601,Officer Suit Pants-B,1,950,0,0,1,0,0,0,0,9
241101602,Officer Suit Pants-B,1,5300,0,0,1,0,0,0,0,9
241101603,Officer Suit Pants-B,1,8550,0,0,1,0,0,0,0,9
241101604,Officer Suit Pants-B,1,14250,0,0,1,0,0,0,0,9
241101606,Officer Suit Pants-B,1,34200,0,0,1,0,0,0,0,9
241101701,Officer Suit Pants-C,1,950,0,0,1,0,0,0,0,9
241101702,Officer Suit Pants-C,1,5300,0,0,1,0,0,0,0,9
241101703,Officer Suit Pants-C,1,8550,0,0,1,0,0,0,0,9
241101704,Officer Suit Pants-C,1,14250,0,0,1,0,0,0,0,9
241101706,Officer Suit Pants-C,1,34200,0,0,1,0,0,0,0,9
241101801,Officer Suit Pants-D,1,950,0,0,1,0,0,0,0,9
241101802,Officer Suit Pants-D,1,5300,0,0,1,0,0,0,0,9
241101803,Officer Suit Pants-D,1,8550,0,0,1,0,0,0,0,9
241101804,Officer Suit Pants-D,1,14250,0,0,1,0,0,0,0,9
241101806,Officer Suit Pants-D,1,34200,0,0,1,0,0,0,0,9
241101901,Forest Camo Pants,1,950,0,0,1,0,0,0,0,9
241101902,Forest Camo Pants,1,5300,0,0,1,0,0,0,0,9
241101903,Forest Camo Pants,1,8550,0,0,1,0,0,0,0,9
241101904,Forest Camo Pants,1,14250,0,0,1,0,0,0,0,9
241101906,Forest Camo Pants,1,34200,0,0,1,0,0,0,0,9
241102001,Sheriff Slacks,1,950,0,0,1,0,0,0,0,9
241102002,Sheriff Slacks,1,5300,0,0,1,0,0,0,0,9
241102003,Sheriff Slacks,1,8550,0,0,1,0,0,0,0,9
241102004,Sheriff Slacks,1,14250,0,0,1,0,0,0,0,9
241102006,Sheriff Slacks,1,34200,0,0,1,0,0,0,0,9
241102101,Black Slacks,1,950,0,0,1,0,0,0,0,9
241102102,Black Slacks,1,5300,0,0,1,0,0,0,0,9
241102103,Black Slacks,1,8550,0,0,1,0,0,0,0,9
241102104,Black Slacks,1,14250,0,0,1,0,0,0,0,9
241102106,Black Slacks,1,34200,0,0,1,0,0,0,0,9
241102201,SWAT Commando Pants,1,300,0,0,1,0,0,0,1,9
241102202,SWAT Commando Pants,1,1700,0,0,1,0,0,0,1,9
241102203,SWAT Commando Pants,1,2700,0,0,1,0,0,0,1,9
241102204,SWAT Commando Pants,1,4500,0,0,1,0,0,0,1,9
241102206,SWAT Commando Pants,1,10800,0,0,1,0,0,0,1,9
241102301,Bike Pants,1,300,1,0,1,0,0,0,1,9
241102302,Bike Pants,1,1650,1,0,1,0,0,0,1,9
241102303,Bike Pants,1,2550,1,0,1,0,0,0,1,9
241102304,Bike Pants,1,3750,1,0,1,0,0,0,1,9
241102306,Bike Pants,1,8400,1,0,1,0,0,0,1,9
241102401,RiotGear Pants,1,300,1,0,1,0,0,0,1,9
241102402,RiotGear Pants,1,1650,1,0,1,0,0,0,1,9
241102403,RiotGear Pants,1,2550,1,0,1,0,0,0,1,9
241102404,RiotGear Pants,1,3750,1,0,1,0,0,0,1,9
241102406,RiotGear Pants,1,8400,1,0,1,0,0,0,1,9
241102701,Arctic Pants,1,300,1,0,1,0,0,0,1,9
241102702,Arctic Pants,1,1650,1,0,1,0,0,0,1,9
241102703,Arctic Pants,1,2550,1,0,1,0,0,0,1,9
241102704,Arctic Pants,1,3750,1,0,1,0,0,0,1,9
241102706,Arctic Pants,1,8400,1,0,1,0,0,0,1,9
241102801,Snow Camo Pants,1,300,1,0,1,0,0,0,1,9
241102802,Snow Camo Pants,1,1650,1,0,1,0,0,0,1,9
241102803,Snow Camo Pants,1,2550,1,0,1,0,0,0,1,9
241102804,Snow Camo Pants,1,3750,1,0,1,0,0,0,1,9
241102806,Snow Camo Pants,1,8400,1,0,1,0,0,0,1,9
241103001,Black Slacks_Cash,1,300,1,0,1,0,0,0,1,9
241103002,Black Slacks_Cash,1,1650,1,0,1,0,0,0,1,9
241103003,Black Slacks_Cash,1,2550,1,0,1,0,0,0,1,9
241103004,Black Slacks_Cash,1,3750,1,0,1,0,0,0,1,9
241103006,Black Slacks_Cash,1,8400,1,0,1,0,0,0,1,9
241103101,Navyseal Pants_Cash,1,300,1,0,1,0,0,0,1,9
241103102,Navyseal Pants_Cash,1,1650,1,0,1,0,0,0,1,9
241103103,Navyseal Pants_Cash,1,2550,1,0,1,0,0,0,1,9
241103104,Navyseal Pants_Cash,1,3750,1,0,1,0,0,0,1,9
241103106,Navyseal Pants_Cash,1,8400,1,0,1,0,0,0,1,9
241103201,Forest Camo Pants_Cash,1,300,1,0,1,0,0,0,1,9
241103202,Forest Camo Pants_Cash,1,1650,1,0,1,0,0,0,1,9
241103203,Forest Camo Pants_Cash,1,2550,1,0,1,0,0,0,1,9
241103204,Forest Camo Pants_Cash,1,3750,1,0,1,0,0,0,1,9
241103206,Forest Camo Pants_Cash,1,8400,1,0,1,0,0,0,1,9
241103301,Sheriff Slacks_Cash,1,300,1,0,1,0,0,0,1,9
241103302,Sheriff Slacks_Cash,1,1650,1,0,1,0,0,0,1,9
241103303,Sheriff Slacks_Cash,1,2550,1,0,1,0,0,0,1,9
241103304,Sheriff Slacks_Cash,1,3750,1,0,1,0,0,0,1,9
241103306,Sheriff Slacks_Cash,1,8400,1,0,1,0,0,0,1,9
241103401,NOCS Pants,1,500,1,0,1,0,0,0,1,9
241103402,NOCS Pants,1,2600,1,0,1,0,0,0,1,9
241103403,NOCS Pants,1,4100,1,0,1,0,0,0,1,9
241103404,NOCS Pants,1,5950,1,0,1,0,0,0,1,9
241103406,NOCS Pants,1,13350,1,0,1,0,0,0,1,9
241300101,Prisoner Pants,3,300,0,0,1,0,0,0,1,9
241300102,Prisoner Pants,3,1700,0,0,1,0,0,0,1,9
241300103,Prisoner Pants,3,2700,0,0,1,0,0,0,1,9
241300104,Prisoner Pants,3,4500,0,0,1,0,0,0,1,9
241300106,Prisoner Pants,3,10800,0,0,1,0,0,0,1,9
241300201,Sweat Pants,3,300,0,0,1,0,0,0,1,9
241300202,Sweat Pants,3,1700,0,0,1,0,0,0,1,9
241300203,Sweat Pants,3,2700,0,0,1,0,0,0,1,9
241300204,Sweat Pants,3,4500,0,0,1,0,0,0,1,9
241300206,Sweat Pants,3,10800,0,0,1,0,0,0,1,9
241300401,Hiphop Jeans H01,3,950,0,0,1,0,0,0,0,9
241300402,Hiphop Jeans H01,3,5300,0,0,1,0,0,0,0,9
241300403,Hiphop Jeans H01,3,8550,0,0,1,0,0,0,0,9
241300404,Hiphop Jeans H01,3,14250,0,0,1,0,0,0,0,9
241300406,Hiphop Jeans H01,3,34200,0,0,1,0,0,0,0,9
241300601,City Warrior,3,950,0,0,1,0,0,0,0,9
241300602,City Warrior,3,5300,0,0,1,0,0,0,0,9
241300603,City Warrior,3,8550,0,0,1,0,0,0,0,9
241300604,City Warrior,3,14250,0,0,1,0,0,0,0,9
241300606,City Warrior,3,34200,0,0,1,0,0,0,0,9
241300701,Shooting Star,3,300,0,0,1,0,0,0,1,9
241300702,Shooting Star,3,1700,0,0,1,0,0,0,1,9
241300703,Shooting Star,3,2700,0,0,1,0,0,0,1,9
241300704,Shooting Star,3,4500,0,0,1,0,0,0,1,9
241300706,Shooting Star,3,10800,0,0,1,0,0,0,1,9
241300801,Riding Pants,3,300,1,0,1,0,0,0,1,9
241300802,Riding Pants,3,1650,1,0,1,0,0,0,1,9
241300803,Riding Pants,3,2550,1,0,1,0,0,0,1,9
241300804,Riding Pants,3,3750,1,0,1,0,0,0,1,9
241300806,Riding Pants,3,8400,1,0,1,0,0,0,1,9
241300901,Panzer,3,950,0,0,1,0,0,0,0,9
241300902,Panzer,3,5300,0,0,1,0,0,0,0,9
241300903,Panzer,3,8550,0,0,1,0,0,0,0,9
241300904,Panzer,3,14250,0,0,1,0,0,0,0,9
241300906,Panzer,3,34200,0,0,1,0,0,0,0,9
241301001,Spunky,3,950,0,0,1,0,0,0,0,9
241301002,Spunky,3,5300,0,0,1,0,0,0,0,9
241301003,Spunky,3,8550,0,0,1,0,0,0,0,9
241301004,Spunky,3,14250,0,0,1,0,0,0,0,9
241301006,Spunky,3,34200,0,0,1,0,0,0,0,9
241301301,Vintage Jeans,3,300,0,0,1,0,0,0,1,9
241301302,Vintage Jeans,3,1700,0,0,1,0,0,0,1,9
241301303,Vintage Jeans,3,2700,0,0,1,0,0,0,1,9
241301304,Vintage Jeans,3,4500,0,0,1,0,0,0,1,9
241301306,Vintage Jeans,3,10800,0,0,1,0,0,0,1,9
241301401,Premium Jean-A,3,950,0,0,1,0,0,0,0,9
241301402,Premium Jean-A,3,5300,0,0,1,0,0,0,0,9
241301403,Premium Jean-A,3,8550,0,0,1,0,0,0,0,9
241301404,Premium Jean-A,3,14250,0,0,1,0,0,0,0,9
241301406,Premium Jean-A,3,34200,0,0,1,0,0,0,0,9
241301501,Premium Jean-B,3,950,0,0,1,0,0,0,0,9
241301502,Premium Jean-B,3,5300,0,0,1,0,0,0,0,9
241301503,Premium Jean-B,3,8550,0,0,1,0,0,0,0,9
241301504,Premium Jean-B,3,14250,0,0,1,0,0,0,0,9
241301506,Premium Jean-B,3,34200,0,0,1,0,0,0,0,9
241301601,Premium Jean-C,3,950,0,0,1,0,0,0,0,9
241301602,Premium Jean-C,3,5300,0,0,1,0,0,0,0,9
241301603,Premium Jean-C,3,8550,0,0,1,0,0,0,0,9
241301604,Premium Jean-C,3,14250,0,0,1,0,0,0,0,9
241301606,Premium Jean-C,3,34200,0,0,1,0,0,0,0,9
241301701,Premium Jean-D,3,950,0,0,1,0,0,0,0,9
241301702,Premium Jean-D,3,5300,0,0,1,0,0,0,0,9
241301703,Premium Jean-D,3,8550,0,0,1,0,0,0,0,9
241301704,Premium Jean-D,3,14250,0,0,1,0,0,0,0,9
241301706,Premium Jean-D,3,34200,0,0,1,0,0,0,0,9
241302001,Jogging Suit,3,300,0,0,1,0,0,0,1,9
241302002,Jogging Suit,3,1700,0,0,1,0,0,0,1,9
241302003,Jogging Suit,3,2700,0,0,1,0,0,0,1,9
241302004,Jogging Suit,3,4500,0,0,1,0,0,0,1,9
241302006,Jogging Suit,3,10800,0,0,1,0,0,0,1,9
241302101,Short Cargo Pants,3,300,1,0,1,0,0,0,1,9
241302102,Short Cargo Pants,3,1650,1,0,1,0,0,0,1,9
241302103,Short Cargo Pants,3,2550,1,0,1,0,0,0,1,9
241302104,Short Cargo Pants,3,3750,1,0,1,0,0,0,1,9
241302106,Short Cargo Pants,3,8400,1,0,1,0,0,0,1,9
241302301,Baggy Jean,3,300,1,0,1,0,0,0,1,9
241302302,Baggy Jean,3,1650,1,0,1,0,0,0,1,9
241302303,Baggy Jean,3,2550,1,0,1,0,0,0,1,9
241302304,Baggy Jean,3,3750,1,0,1,0,0,0,1,9
241302306,Baggy Jean,3,8400,1,0,1,0,0,0,1,9
241302501,Ski Pants,3,300,1,0,1,0,0,0,1,9
241302502,Ski Pants,3,1650,1,0,1,0,0,0,1,9
241302503,Ski Pants,3,2550,1,0,1,0,0,0,1,9
241302504,Ski Pants,3,3750,1,0,1,0,0,0,1,9
241302506,Ski Pants,3,8400,1,0,1,0,0,0,1,9
241302601,Dark Over Pants,3,300,1,0,1,0,0,0,1,9
241302602,Dark Over Pants,3,1650,1,0,1,0,0,0,1,9
241302603,Dark Over Pants,3,2550,1,0,1,0,0,0,1,9
241302604,Dark Over Pants,3,3750,1,0,1,0,0,0,1,9
241302606,Dark Over Pants,3,8400,1,0,1,0,0,0,1,9
241302801,City Warrior_Cash,3,300,1,0,1,0,0,0,1,9
241302802,City Warrior_Cash,3,1650,1,0,1,0,0,0,1,9
241302803,City Warrior_Cash,3,2550,1,0,1,0,0,0,1,9
241302804,City Warrior_Cash,3,3750,1,0,1,0,0,0,1,9
241302806,City Warrior_Cash,3,8400,1,0,1,0,0,0,1,9
241302901,Hiphop Jeans H01_Cash,3,300,1,0,1,0,0,0,1,9
241302902,Hiphop Jeans H01_Cash,3,1650,1,0,1,0,0,0,1,9
241302903,Hiphop Jeans H01_Cash,3,2550,1,0,1,0,0,0,1,9
241302904,Hiphop Jeans H01_Cash,3,3750,1,0,1,0,0,0,1,9
241302906,Hiphop Jeans H01_Cash,3,8400,1,0,1,0,0,0,1,9
241303001,Panzer_Cash,3,300,1,0,1,0,0,0,1,9
241303002,Panzer_Cash,3,1650,1,0,1,0,0,0,1,9
241303003,Panzer_Cash,3,2550,1,0,1,0,0,0,1,9
241303004,Panzer_Cash,3,3750,1,0,1,0,0,0,1,9
241303006,Panzer_Cash,3,8400,1,0,1,0,0,0,1,9
241303101,Spunky_Cash,3,300,1,0,1,0,0,0,1,9
241303102,Spunky_Cash,3,1650,1,0,1,0,0,0,1,9
241303103,Spunky_Cash,3,2550,1,0,1,0,0,0,1,9
241303104,Spunky_Cash,3,3750,1,0,1,0,0,0,1,9
241303106,Spunky_Cash,3,8400,1,0,1,0,0,0,1,9
241303201,Desperado Pants,3,500,1,0,1,0,0,0,1,9
241303202,Desperado Pants,3,2600,1,0,1,0,0,0,1,9
241303203,Desperado Pants,3,4100,1,0,1,0,0,0,1,9
241303204,Desperado Pants,3,5950,1,0,1,0,0,0,1,9
241303206,Desperado Pants,3,13350,1,0,1,0,0,0,1,9
251100101,80s Jumbo,1,100,0,0,1,0,0,0,1,9
251100102,80s Jumbo,1,550,0,0,1,0,0,0,1,9
251100103,80s Jumbo,1,900,0,0,1,0,0,0,1,9
251100104,80s Jumbo,1,1500,0,0,1,0,0,0,1,9
251100106,80s Jumbo,1,3600,0,0,1,0,0,0,1,9
251100301,Sport Sunglasses,1,350,0,0,1,0,0,0,0,9
251100302,Sport Sunglasses,1,1950,0,0,1,0,0,0,0,9
251100303,Sport Sunglasses,1,3150,0,0,1,0,0,0,0,9
251100304,Sport Sunglasses,1,5250,0,0,1,0,0,0,0,9
251100306,Sport Sunglasses,1,12600,0,0,1,0,0,0,0,9
251100401,Bodyguard,1,350,0,0,1,0,0,0,0,9
251100402,Bodyguard,1,1950,0,0,1,0,0,0,0,9
251100403,Bodyguard,1,3150,0,0,1,0,0,0,0,9
251100404,Bodyguard,1,5250,0,0,1,0,0,0,0,9
251100406,Bodyguard,1,12600,0,0,1,0,0,0,0,9
251300101,Dragonfly,3,100,0,0,1,0,0,0,1,9
251300102,Dragonfly,3,550,0,0,1,0,0,0,1,9
251300103,Dragonfly,3,900,0,0,1,0,0,0,1,9
251300104,Dragonfly,3,1500,0,0,1,0,0,0,1,9
251300106,Dragonfly,3,3600,0,0,1,0,0,0,1,9
251300301,Fashion Glasses-A,3,350,0,0,1,0,0,0,0,9
251300302,Fashion Glasses-A,3,1950,0,0,1,0,0,0,0,9
251300303,Fashion Glasses-A,3,3150,0,0,1,0,0,0,0,9
251300304,Fashion Glasses-A,3,5250,0,0,1,0,0,0,0,9
251300306,Fashion Glasses-A,3,12600,0,0,1,0,0,0,0,9
251300401,Fashion Glasses-B,3,350,0,0,1,0,0,0,0,9
251300402,Fashion Glasses-B,3,1950,0,0,1,0,0,0,0,9
251300403,Fashion Glasses-B,3,3150,0,0,1,0,0,0,0,9
251300404,Fashion Glasses-B,3,5250,0,0,1,0,0,0,0,9
251300406,Fashion Glasses-B,3,12600,0,0,1,0,0,0,0,9
251300501,Fashion Glasses-C,3,350,0,0,1,0,0,0,0,9
251300502,Fashion Glasses-C,3,1950,0,0,1,0,0,0,0,9
251300503,Fashion Glasses-C,3,3150,0,0,1,0,0,0,0,9
251300504,Fashion Glasses-C,3,5250,0,0,1,0,0,0,0,9
251300506,Fashion Glasses-C,3,12600,0,0,1,0,0,0,0,9
251300601,Fashion Glasses-D,3,350,0,0,1,0,0,0,0,9
251300602,Fashion Glasses-D,3,1950,0,0,1,0,0,0,0,9
251300603,Fashion Glasses-D,3,3150,0,0,1,0,0,0,0,9
251300604,Fashion Glasses-D,3,5250,0,0,1,0,0,0,0,9
251300606,Fashion Glasses-D,3,12600,0,0,1,0,0,0,0,9
251300701,Ski Goggle,3,100,1,0,1,0,0,0,1,9
251300702,Ski Goggle,3,500,1,0,1,0,0,0,1,9
251300703,Ski Goggle,3,800,1,0,1,0,0,0,1,9
251300704,Ski Goggle,3,1200,1,0,1,0,0,0,1,9
251300706,Ski Goggle,3,2650,1,0,1,0,0,0,1,9
251300801,Board Goggle,3,100,1,0,1,0,0,0,1,9
251300802,Board Goggle,3,500,1,0,1,0,0,0,1,9
251300803,Board Goggle,3,800,1,0,1,0,0,0,1,9
251300804,Board Goggle,3,1200,1,0,1,0,0,0,1,9
251300806,Board Goggle,3,2650,1,0,1,0,0,0,1,9
252100101,PG S-01,1,100,0,0,1,0,0,0,1,9
252100102,PG S-01,1,550,0,0,1,0,0,0,1,9
252100103,PG S-01,1,900,0,0,1,0,0,0,1,9
252100104,PG S-01,1,1500,0,0,1,0,0,0,1,9
252100106,PG S-01,1,3600,0,0,1,0,0,0,1,9
252100201,PG S-02,1,100,0,0,1,0,0,0,1,9
252100202,PG S-02,1,550,0,0,1,0,0,0,1,9
252100203,PG S-02,1,900,0,0,1,0,0,0,1,9
252100204,PG S-02,1,1500,0,0,1,0,0,0,1,9
252100206,PG S-02,1,3600,0,0,1,0,0,0,1,9
252100301,Indicator_S01,1,150,1,0,1,0,0,0,1,9
252100302,Indicator_S01,1,800,1,0,1,0,0,0,1,9
252100303,Indicator_S01,1,1300,1,0,1,0,0,0,1,9
252100304,Indicator_S01,1,1850,1,0,1,0,0,0,1,9
252100306,Indicator_S01,1,4200,1,0,1,0,0,0,1,9
252300101,Razor,3,100,0,0,1,0,0,0,1,9
252300102,Razor,3,550,0,0,1,0,0,0,1,9
252300103,Razor,3,900,0,0,1,0,0,0,1,9
252300104,Razor,3,1500,0,0,1,0,0,0,1,9
252300106,Razor,3,3600,0,0,1,0,0,0,1,9
252300201,Indicator_G01,3,150,1,0,1,0,0,0,1,9
252300202,Indicator_G01,3,800,1,0,1,0,0,0,1,9
252300203,Indicator_G01,3,1300,1,0,1,0,0,0,1,9
252300204,Indicator_G01,3,1850,1,0,1,0,0,0,1,9
252300206,Indicator_G01,3,4200,1,0,1,0,0,0,1,9
261100101,Invader,1,150,1,0,1,0,0,0,1,9
261100102,Invader,1,750,1,0,1,0,0,0,1,9
261100103,Invader,1,1150,1,0,1,0,0,0,1,9
261100104,Invader,1,1700,1,0,1,0,0,0,1,9
261100106,Invader,1,3800,1,0,1,0,0,0,1,9
261100201,Turtleneck,1,150,0,0,1,0,0,0,1,9
261100202,Turtleneck,1,850,0,0,1,0,0,0,1,9
261100203,Turtleneck,1,1350,0,0,1,0,0,0,1,9
261100204,Turtleneck,1,2250,0,0,1,0,0,0,1,9
261100206,Turtleneck,1,5400,0,0,1,0,0,0,1,9
261300101,Kisses,3,150,0,0,1,0,0,0,1,9
261300102,Kisses,3,850,0,0,1,0,0,0,1,9
261300103,Kisses,3,1350,0,0,1,0,0,0,1,9
261300104,Kisses,3,2250,0,0,1,0,0,0,1,9
261300106,Kisses,3,5400,0,0,1,0,0,0,1,9
261300201,Rose Knight,3,150,0,0,1,0,0,0,1,9
261300202,Rose Knight,3,850,0,0,1,0,0,0,1,9
261300203,Rose Knight,3,1350,0,0,1,0,0,0,1,9
261300204,Rose Knight,3,2250,0,0,1,0,0,0,1,9
261300206,Rose Knight,3,5400,0,0,1,0,0,0,1,9
261300301,Skull Mask,3,150,1,0,1,0,0,0,1,9
261300302,Skull Mask,3,750,1,0,1,0,0,0,1,9
261300303,Skull Mask,3,1150,1,0,1,0,0,0,1,9
261300304,Skull Mask,3,1700,1,0,1,0,0,0,1,9
261300306,Skull Mask,3,3800,1,0,1,0,0,0,1,9
262100301,Troll Face_SWAT,1,250,1,0,1,0,0,0,1,9
262100302,Troll Face_SWAT,1,1250,1,0,1,0,0,0,1,9
262100303,Troll Face_SWAT,1,2000,1,0,1,0,0,0,1,9
262100304,Troll Face_SWAT,1,2900,1,0,1,0,0,0,1,9
262100306,Troll Face_SWAT,1,6500,1,0,1,0,0,0,1,9
262300501,Troll Face_Gangster,3,250,1,0,1,0,0,0,1,9
262300502,Troll Face_Gangster,3,1250,1,0,1,0,0,0,1,9
262300503,Troll Face_Gangster,3,2000,1,0,1,0,0,0,1,9
262300504,Troll Face_Gangster,3,2900,1,0,1,0,0,0,1,9
262300506,Troll Face_Gangster,3,6500,1,0,1,0,0,0,1,9
263100501,Bike Helmet,1,350,1,0,1,0,0,0,1,9
263100502,Bike Helmet,1,1700,1,0,1,0,0,0,1,9
263100503,Bike Helmet,1,2700,1,0,1,0,0,0,1,9
263100504,Bike Helmet,1,3900,1,0,1,0,0,0,1,9
263100506,Bike Helmet,1,8800,1,0,1,0,0,0,1,9
263100601,RiotGear Helmet,1,350,1,0,1,0,0,0,1,9
263100602,RiotGear Helmet,1,1700,1,0,1,0,0,0,1,9
263100603,RiotGear Helmet,1,2700,1,0,1,0,0,0,1,9
263100604,RiotGear Helmet,1,3900,1,0,1,0,0,0,1,9
263100606,RiotGear Helmet,1,8800,1,0,1,0,0,0,1,9
263100801,Arctic Mask,1,350,1,0,1,0,0,0,1,9
263100802,Arctic Mask,1,1700,1,0,1,0,0,0,1,9
263100803,Arctic Mask,1,2700,1,0,1,0,0,0,1,9
263100804,Arctic Mask,1,3900,1,0,1,0,0,0,1,9
263100806,Arctic Mask,1,8800,1,0,1,0,0,0,1,9
263101001,NOCS Helmet,1,500,1,0,1,0,0,0,1,9
263101002,NOCS Helmet,1,2750,1,0,1,0,0,0,1,9
263101003,NOCS Helmet,1,4300,1,0,1,0,0,0,1,9
263101004,NOCS Helmet,1,6300,1,0,1,0,0,0,1,9
263101006,NOCS Helmet,1,14150,1,0,1,0,0,0,1,9
311000101,OP-C01 Dot,0,800,0,0,1,0,0,0,1,9
311000201,OP-C02 Dot,0,1000,0,0,1,0,0,0,1,9
311000301,OP-C03 Dot,0,1000,0,0,1,0,0,0,1,9
311000401,DS-01 Dot,0,1000,0,0,1,0,0,0,1,9
311000501,DS-02 Dot,0,1000,0,0,0,0,0,0,1,9
311000601,DS-03 Dot,0,1000,0,0,0,0,0,0,1,9
321000101,WR-01 Mini,0,700,0,0,1,0,0,0,1,9
321000201,WR-02 Light,0,800,0,0,1,0,0,0,1,9
321000301,WR-03 Light,0,1000,0,0,1,0,0,0,1,9
321000401,WR-04 Light,0,1200,0,0,0,0,0,0,1,9
331000101,SS-101 Silencer,0,1000,0,0,1,0,0,0,1,9
331000201,SS-102 Silencer,0,1000,0,0,1,0,0,0,1,9
331000301,SS-103 Silencer,0,1000,0,0,1,0,0,0,1,9
341000101,Girl,0,1000,0,0,1,0,0,0,1,9
341000201,Skeleton,0,1000,0,0,1,0,0,0,1,9
341000301,Wolf,0,1000,0,0,0,0,0,0,1,9
341000401,Eagle,0,1000,0,0,1,0,0,0,1,9
341000501,Duck,0,1000,0,0,1,0,0,0,1,9
341000601,S2 Skeleton,0,1000,0,0,1,0,0,0,1,9
411006201,AquaFull Set 15,0,32050,1,1,1,2,0,0,1,2
411006301,AquaWeapon Set 15,0,15950,1,1,1,2,0,0,1,2
411006401,AquaFull Set 30,0,46700,1,1,1,2,0,0,1,2
411006501,AquaWeapon Set 30,0,23200,1,1,1,2,0,0,1,2
411006601,Bikini Set 15,0,18750,1,1,1,0,0,0,1,9
411006701,Bikini Set 30,0,27350,1,1,1,0,0,0,1,9
441000101,GambleTicket 5k,0,5000,0,0,1,0,0,0,0,9
441000102,GambleTicket 5k,0,15000,0,0,1,0,0,0,0,9
441000103,GambleTicket 5k,0,25000,0,0,1,0,0,0,0,9
441000104,GambleTicket 5k,0,35000,0,0,1,0,0,0,0,9
441000105,GambleTicket 5k,0,45000,0,0,1,0,0,0,0,9
441000201,GambleTicket 10k,0,10000,0,0,1,0,0,0,0,9
441000202,GambleTicket 10k,0,30000,0,0,1,0,0,0,0,9
441000203,GambleTicket 10k,0,50000,0,0,1,0,0,0,0,9
441000204,GambleTicket 10k,0,70000,0,0,1,0,0,0,0,9
441000205,GambleTicket 10k,0,90000,0,0,1,0,0,0,0,9
441000301,GambleTicket 20k,0,20000,0,0,1,0,0,0,0,9
441000302,GambleTicket 20k,0,60000,0,0,1,0,0,0,0,9
441000303,GambleTicket 20k,0,100000,0,0,1,0,0,0,0,9
441000304,GambleTicket 20k,0,140000,0,0,1,0,0,0,0,9
441000305,GambleTicket 20k,0,180000,0,0,1,0,0,0,0,9
441000401,GambleTicket 30k,0,30000,0,0,1,0,0,0,0,9
441000402,GambleTicket 30k,0,90000,0,0,1,0,0,0,0,9
441000403,GambleTicket 30k,0,150000,0,0,1,0,0,0,0,9
441000404,GambleTicket 30k,0,210000,0,0,1,0,0,0,0,9
441000405,GambleTicket 30k,0,270000,0,0,1,0,0,0,0,9
511000101,Kill Death Reset,0,7000,1,0,1,0,0,0,1,9
511000201,EX 50Percent Up,0,500,1,0,1,0,0,0,1,9
511000202,EX 50Percent Up,0,3000,1,0,1,0,0,0,1,9
511000203,EX 50Percent Up,0,6000,1,0,1,0,0,0,1,9
511000204,EX 50Percent Up,0,10000,1,0,1,0,0,0,1,9
511000301,Quick Respawn,0,150,1,0,1,0,0,0,1,9
511000302,Quick Respawn,0,600,1,0,1,0,0,0,1,9
511000303,Quick Respawn,0,1200,1,0,1,0,0,0,1,9
511000304,Quick Respawn,0,3600,1,0,1,0,0,0,1,9
511000305,Quick Respawn,0,5500,1,0,1,0,0,0,1,9
511000401,Change NickName,0,6000,1,0,1,0,0,0,1,9
511000601,ResetGameRecord,0,6000,1,0,1,0,0,0,1,9
511000701,ResetGameKillDeathRecord,0,13000,1,0,1,0,0,0,1,9
511000801,ResetClanRecord,0,14000,1,0,1,0,0,0,1,9
511000901,ChangeClanMark,0,16000,1,0,1,0,0,0,1,9
511001001,ChangeClanName,0,14000,1,0,1,0,0,0,1,9
511001801,Gold 50Percent Up,0,1000,1,0,1,0,0,0,1,9
511001802,Gold 50Percent Up,0,6000,1,0,1,0,0,0,1,9
511001803,Gold 50Percent Up,0,12000,1,0,1,0,0,0,1,9
511001804,Gold 50Percent Up,0,20000,1,0,1,0,0,0,1,9
511002301,Bomb Kit,0,250,1,0,1,0,0,0,1,9
511002302,Bomb Kit,0,1000,1,0,1,0,0,0,1,9
511002303,Bomb Kit,0,2000,1,0,1,0,0,0,1,9
511002304,Bomb Kit,0,4000,1,0,1,0,0,0,1,9
511002401,AddMagazine,0,450,1,0,1,0,0,0,1,9
511002402,AddMagazine,0,3000,1,0,1,0,0,0,1,9
511002403,AddMagazine,0,6000,1,0,1,0,0,0,1,9
511002404,AddMagazine,0,9000,1,0,1,0,0,0,1,9
511002501,Respawn 2Second,0,1100,1,0,1,0,0,0,1,9
511002502,Respawn 2Second,0,3300,1,0,1,0,0,0,1,9
511002503,Respawn 2Second,0,5500,1,0,1,0,0,0,1,9
511002504,Respawn 2Second,0,9900,1,0,1,0,0,0,1,9
511004601,Plus Combo 30Percent,0,1200,1,0,1,0,0,0,1,9
511004602,Plus Combo 30Percent,0,4200,1,0,1,0,0,0,1,9
511004603,Plus Combo 30Percent,0,8100,1,0,1,0,0,0,1,9
511004604,Plus Combo 30Percent,0,14400,1,0,1,0,0,0,1,9
511004701,Color Nickname,0,700,1,0,1,0,0,0,1,9
511004702,Color Nickname,0,2500,1,0,1,0,0,0,1,9
511004703,Color Nickname,0,5000,1,0,1,0,0,0,1,9
511004704,Color Nickname,0,7500,1,0,1,0,0,0,1,9
113001501,A.Striker CT12,0,700,1,0,1,1,0,0,1,0
113001502,A.Striker CT12,0,3550,1,0,1,1,0,0,1,0
113001503,A.Striker CT12,0,5600,1,0,1,1,0,0,1,0
113001504,A.Striker CT12,0,8150,1,0,1,1,0,0,1,0
113001506,A.Striker CT12,0,18350,1,0,1,1,0,0,1,0
111005001,Amber FAMAS,0,800,1,0,1,1,0,0,1,0
111005002,Amber FAMAS,0,4150,1,0,1,1,0,0,1,0
111005003,Amber FAMAS,0,6550,1,0,1,1,0,0,1,0
111005004,Amber FAMAS,0,9500,1,0,1,1,0,0,1,0
111005006,Amber FAMAS,0,21400,1,0,1,1,0,0,1,0
114001301,Dust DSR-E1,0,700,1,0,1,1,0,0,1,0
114001302,Dust DSR-E1,0,3550,1,0,1,1,0,0,1,0
114001303,Dust DSR-E1,0,5600,1,0,1,1,0,0,1,0
114001304,Dust DSR-E1,0,8150,1,0,1,1,0,0,1,0
114001306,Dust DSR-E1,0,18350,1,0,1,1,0,0,1,0
121001801,Glock W.Spray,0,400,1,0,1,1,0,0,1,0
121001802,Glock W.Spray,0,2250,1,0,1,1,0,0,1,0
121001803,Glock W.Spray,0,3500,1,0,1,1,0,0,1,0
121001804,Glock W.Spray,0,5100,1,0,1,1,0,0,1,0
121001806,Glock W.Spray,0,11450,1,0,1,1,0,0,1,0
221303801,Black Parthair,3,900,1,0,1,1,0,0,1,0
221303802,Black Parthair,3,4600,1,0,1,1,0,0,1,0
221303803,Black Parthair,3,7250,1,0,1,1,0,0,1,0
221303804,Black Parthair,3,10550,1,0,1,1,0,0,1,0
221303806,Black Parthair,3,23700,1,0,1,1,0,0,1,0
222303601,Red Workcap,3,900,1,0,1,1,0,0,1,0
222303602,Red Workcap,3,4600,1,0,1,1,0,0,1,0
222303603,Red Workcap,3,7250,1,0,1,1,0,0,1,0
222303604,Red Workcap,3,10550,1,0,1,1,0,0,1,0
222303606,Red Workcap,3,23700,1,0,1,1,0,0,1,0
223103801,Digicamo Helmet,1,900,1,0,1,1,0,0,1,0
223103802,Digicamo Helmet,1,4600,1,0,1,1,0,0,1,0
223103803,Digicamo Helmet,1,7250,1,0,1,1,0,0,1,0
223103804,Digicamo Helmet,1,10550,1,0,1,1,0,0,1,0
223103806,Digicamo Helmet,1,23700,1,0,1,1,0,0,1,0
231103601,USMC Jacket,1,500,1,0,1,1,0,0,1,0
231103602,USMC Jacket,1,2650,1,0,1,1,0,0,1,0
231103603,USMC Jacket,1,4200,1,0,1,1,0,0,1,0
231103604,USMC Jacket,1,6100,1,0,1,1,0,0,1,0
231103606,USMC Jacket,1,13750,1,0,1,1,0,0,1,0
231103701,Pilot Jumper,1,500,1,0,1,1,0,0,1,0
231103702,Pilot Jumper,1,2550,1,0,1,1,0,0,1,0
231103703,Pilot Jumper,1,3950,1,0,1,1,0,0,1,0
231103704,Pilot Jumper,1,5750,1,0,1,1,0,0,1,0
231103706,Pilot Jumper,1,13000,1,0,1,1,0,0,1,0
231103801,Digicamo Jacket,1,500,1,0,1,1,0,0,1,0
231103802,Digicamo Jacket,1,2550,1,0,1,1,0,0,1,0
231103803,Digicamo Jacket,1,3950,1,0,1,1,0,0,1,0
231103804,Digicamo Jacket,1,5750,1,0,1,1,0,0,1,0
231103806,Digicamo Jacket,1,13000,1,0,1,1,0,0,1,0
231303601,Working Clothes,3,500,1,0,1,1,0,0,1,0
231303602,Working Clothes,3,2650,1,0,1,1,0,0,1,0
231303603,Working Clothes,3,4200,1,0,1,1,0,0,1,0
231303604,Working Clothes,3,6100,1,0,1,1,0,0,1,0
231303606,Working Clothes,3,13750,1,0,1,1,0,0,1,0
231303701,Bikergang Coat,3,500,1,0,1,1,0,0,1,0
231303702,Bikergang Coat,3,2550,1,0,1,1,0,0,1,0
231303703,Bikergang Coat,3,3950,1,0,1,1,0,0,1,0
231303704,Bikergang Coat,3,5750,1,0,1,1,0,0,1,0
231303706,Bikergang Coat,3,13000,1,0,1,1,0,0,1,0
231303801,Jack Jacket,3,500,1,0,1,1,0,0,1,0
231303802,Jack Jacket,3,2550,1,0,1,1,0,0,1,0
231303803,Jack Jacket,3,3950,1,0,1,1,0,0,1,0
231303804,Jack Jacket,3,5750,1,0,1,1,0,0,1,0
231303806,Jack Jacket,3,13000,1,0,1,1,0,0,1,0
241103601,USMC Pants,1,500,1,0,1,1,0,0,1,0
241103602,USMC Pants,1,2650,1,0,1,1,0,0,1,0
241103603,USMC Pants,1,4200,1,0,1,1,0,0,1,0
241103604,USMC Pants,1,6100,1,0,1,1,0,0,1,0
241103606,USMC Pants,1,13750,1,0,1,1,0,0,1,0
241103701,Pilot Pants,1,500,1,0,1,1,0,0,1,0
241103702,Pilot Pants,1,2550,1,0,1,1,0,0,1,0
241103703,Pilot Pants,1,3950,1,0,1,1,0,0,1,0
241103704,Pilot Pants,1,5750,1,0,1,1,0,0,1,0
241103706,Pilot Pants,1,13000,1,0,1,1,0,0,1,0
241103801,Digicamo Pant,1,500,1,0,1,1,0,0,1,0
241103802,Digicamo Pant,1,2550,1,0,1,1,0,0,1,0
241103803,Digicamo Pant,1,3950,1,0,1,1,0,0,1,0
241103804,Digicamo Pant,1,5750,1,0,1,1,0,0,1,0
241103806,Digicamo Pant,1,13000,1,0,1,1,0,0,1,0
241303601,Gray Short Pants,3,500,1,0,1,1,0,0,1,0
241303602,Gray Short Pants,3,2650,1,0,1,1,0,0,1,0
241303603,Gray Short Pants,3,4200,1,0,1,1,0,0,1,0
241303604,Gray Short Pants,3,6100,1,0,1,1,0,0,1,0
241303606,Gray Short Pants,3,13750,1,0,1,1,0,0,1,0
241303701,Bikergang Pants,3,500,1,0,1,1,0,0,1,0
241303702,Bikergang Pants,3,2550,1,0,1,1,0,0,1,0
241303703,Bikergang Pants,3,3950,1,0,1,1,0,0,1,0
241303704,Bikergang Pants,3,5750,1,0,1,1,0,0,1,0
241303706,Bikergang Pants,3,13000,1,0,1,1,0,0,1,0
241303801,Chain Baggy,3,500,1,0,1,1,0,0,1,0
241303802,Chain Baggy,3,2550,1,0,1,1,0,0,1,0
241303803,Chain Baggy,3,3950,1,0,1,1,0,0,1,0
241303804,Chain Baggy,3,5750,1,0,1,1,0,0,1,0
241303806,Chain Baggy,3,13000,1,0,1,1,0,0,1,0
251303601,Border Lens,3,100,1,0,1,1,0,0,1,0
251303602,Border Lens,3,600,1,0,1,1,0,0,1,0
251303603,Border Lens,3,950,1,0,1,1,0,0,1,0
251303604,Border Lens,3,1350,1,0,1,1,0,0,1,0
251303606,Border Lens,3,3050,1,0,1,1,0,0,1,0
263103601,USMC Helmet,1,900,1,0,1,1,0,0,1,0
263103602,USMC Helmet,1,4700,1,0,1,1,0,0,1,0
263103603,USMC Helmet,1,7350,1,0,1,1,0,0,1,0
263103604,USMC Helmet,1,10700,1,0,1,1,0,0,1,0
263103606,USMC Helmet,1,24050,1,0,1,1,0,0,1,0
263103701,Pilot Helmet,1,900,1,0,1,1,0,0,1,0
263103702,Pilot Helmet,1,4700,1,0,1,1,0,0,1,0
263103703,Pilot Helmet,1,7350,1,0,1,1,0,0,1,0
263103704,Pilot Helmet,1,10700,1,0,1,1,0,0,1,0
263103706,Pilot Helmet,1,24050,1,0,1,1,0,0,1,0
263303701,Full Throttle,3,900,1,0,1,1,0,0,1,0
263303702,Full Throttle,3,4700,1,0,1,1,0,0,1,0
263303703,Full Throttle,3,7350,1,0,1,1,0,0,1,0
263303704,Full Throttle,3,10700,1,0,1,1,0,0,1,0
263303706,Full Throttle,3,24050,1,0,1,1,0,0,1,0
111002601,AUG A1(NewBase),0,900,1,0,1,2,0,0,1,2
111002602,AUG A1(NewBase),0,4750,1,0,1,2,0,0,1,2
111002603,AUG A1(NewBase),0,7450,1,0,1,2,0,0,1,2
111002604,AUG A1(NewBase),0,10850,1,0,1,2,0,0,1,2
111002606,AUG A1(NewBase),0,2400,1,0,1,2,0,0,1,2
111002701,FN-SCAR(NewBase),0,900,1,0,1,2,0,0,1,2
111002702,FN-SCAR(NewBase),0,4750,1,0,1,2,0,0,1,2
111002703,FN-SCAR(NewBase),0,7450,1,0,1,2,0,0,1,2
111002704,FN-SCAR(NewBase),0,10850,1,0,1,2,0,0,1,2
111002706,FN-SCAR(NewBase),0,2400,1,0,1,2,0,0,1,2
114002301,FN-AWM300 SE,0,2400,1,0,1,2,0,0,1,2
114002302,FN-AWM300 SE,0,2400,1,0,1,2,0,0,1,2
114002303,FN-AWM300 SE,0,2400,1,0,1,2,0,0,1,2
114002304,FN-AWM300 SE,0,2400,1,0,1,2,0,0,1,2
114002305,FN-AWM300 SE,0,2400,1,0,1,2,0,0,1,2
114002306,FN-AWM300 SE,0,2400,1,0,1,2,0,0,1,2
114002310,FN-AWM300 SE,0,2400,1,0,1,2,0,0,1,2
114000701,FN-(Old)AWM300-Gold,0,2400,1,0,1,2,0,0,1,2
114000702,FN-(Old)AWM300-Gold,0,2400,1,0,1,2,0,0,1,2
114000703,FN-(Old)AWM300-Gold,0,2400,1,0,1,2,0,0,1,2
114000704,FN-(Old)AWM300-Gold,0,2400,1,0,1,2,0,0,1,2
114000705,FN-(Old)AWM300-Gold,0,2400,1,0,1,2,0,0,1,2
114000706,FN-(Old)AWM300-Gold,0,2400,1,0,1,2,0,0,1,2
114000801,FN-(Old)AWM300-GoldMarble,0,2400,1,0,1,2,0,0,1,2
114000802,FN-(Old)AWM300-GoldMarble,0,2400,1,0,1,2,0,0,1,2
114000803,FN-(Old)AWM300-GoldMarble,0,2400,1,0,1,2,0,0,1,2
114000804,FN-(Old)AWM300-GoldMarble,0,2400,1,0,1,2,0,0,1,2
114000805,FN-(Old)AWM300-GoldMarble,0,2400,1,0,1,2,0,0,1,2
114000806,FN-(Old)AWM300-GoldMarble,0,2400,1,0,1,2,0,0,1,2
114000901,FN-(Old)AWM 300-Cute,0,2400,1,0,1,2,0,0,1,2
114000902,FN-(Old)AWM 300-Cute,0,2400,1,0,1,2,0,0,1,2
114000903,FN-(Old)AWM 300-Cute,0,2400,1,0,1,2,0,0,1,2
114000904,FN-(Old)AWM 300-Cute,0,2400,1,0,1,2,0,0,1,2
114000905,FN-(Old)AWM 300-Cute,0,2400,1,0,1,2,0,0,1,2
114000906,FN-(Old)AWM 300-Cute,0,2400,1,0,1,2,0,0,1,2
114001001,FN-(Old)AWM 300-Cute Silencer,0,2400,1,0,1,2,0,0,1,2
114001002,FN-(Old)AWM 300-Cute Silencer,0,2400,1,0,1,2,0,0,1,2
114001003,FN-(Old)AWM 300-Cute Silencer,0,2400,1,0,1,2,0,0,1,2
114001004,FN-(Old)AWM 300-Cute Silencer,0,2400,1,0,1,2,0,0,1,2
114001005,FN-(Old)AWM 300-Cute Silencer,0,2400,1,0,1,2,0,0,1,2
112000701,FN-AK47-Gold,0,2400,1,0,1,2,0,0,1,2
112000702,FN-AK47-Gold,0,2400,1,0,1,2,0,0,1,2
112000703,FN-AK47-Gold,0,2400,1,0,1,2,0,0,1,2
112000704,FN-AK47-Gold,0,2400,1,0,1,2,0,0,1,2
112000705,FN-AK47-Gold,0,2400,1,0,1,2,0,0,1,2
112000706,FN-AK47-Gold,0,2400,1,0,1,2,0,0,1,2
112000710,FN-AK47-Gold,0,2400,1,0,1,2,0,0,1,2
111001101,FN-(Old)M4a1-JadeEd,0,2400,1,0,1,2,0,0,1,2
111001102,FN-(Old)M4a1-JadeEd,0,2400,1,0,1,2,0,0,1,2
111001103,FN-(Old)M4a1-JadeEd,0,2400,1,0,1,2,0,0,1,2
111001104,FN-(Old)M4a1-JadeEd,0,2400,1,0,1,2,0,0,1,2
111001105,FN-(Old)M4a1-JadeEd,0,2400,1,0,1,2,0,0,1,2
111001110,FN-(Old)M4a1-JadeEd,0,2400,1,0,1,2,0,0,1,2
121001901,FN-Glock-JadeEd,0,2400,1,0,1,2,0,0,1,2
121001902,FN-Glock-JadeEd,0,2400,1,0,1,2,0,0,1,2
121001903,FN-Glock-JadeEd,0,2400,1,0,1,2,0,0,1,2
121001904,FN-Glock-JadeEd,0,2400,1,0,1,2,0,0,1,2
121001905,FN-Glock-JadeEd,0,2400,1,0,1,2,0,0,1,2
121001906,FN-Glock-JadeEd,0,2400,1,0,1,2,0,0,1,2
121001910,FN-Glock-JadeEd,0,2400,1,0,1,2,0,0,1,2
111001401,FN-(Old)PSD XR-Gold,0,2400,1,0,1,2,0,0,1,2
111001402,FN-(Old)PSD XR-Gold,0,2400,1,0,1,2,0,0,1,2
111001403,FN-(Old)PSD XR-Gold,0,2400,1,0,1,2,0,0,1,2
111001404,FN-(Old)PSD XR-Gold,0,2400,1,0,1,2,0,0,1,2
111001405,FN-(Old)PSD XR-Gold,0,2400,1,0,1,2,0,0,1,2
111001406,FN-(Old)PSD XR-Gold,0,2400,1,0,1,2,0,0,1,2
111001501,FN-(Old)PSD XR-Splendor,0,2400,1,0,1,2,0,0,1,2
111001502,FN-(Old)PSD XR-Splendor,0,2400,1,0,1,2,0,0,1,2
111001503,FN-(Old)PSD XR-Splendor,0,2400,1,0,1,2,0,0,1,2
111001504,FN-(Old)PSD XR-Splendor,0,2400,1,0,1,2,0,0,1,2
111001505,FN-(Old)PSD XR-Splendor,0,2400,1,0,1,2,0,0,1,2
111001506,FN-(Old)PSD XR-Splendor,0,2400,1,0,1,2,0,0,1,2
111001510,FN-(Old)PSD XR-Splendor,0,2400,1,0,1,2,0,0,1,2
112000401,FN-Precious AK47,0,2400,1,0,1,2,0,0,1,2
112000402,FN-Precious AK47,0,2400,1,0,1,2,0,0,1,2
112000403,FN-Precious AK47,0,2400,1,0,1,2,0,0,1,2
112000404,FN-Precious AK47,0,2400,1,0,1,2,0,0,1,2
112000405,FN-Precious AK47,0,2400,1,0,1,2,0,0,1,2
112000406,FN-Precious AK47,0,2400,1,0,1,2,0,0,1,2
112000410,FN-Precious AK47,0,2400,1,0,1,2,0,0,1,2
111005801,FN-SCAR-H SE,0,2400,1,0,1,2,0,0,1,2
111005802,FN-SCAR-H SE,0,2400,1,0,1,2,0,0,1,2
111005803,FN-SCAR-H SE,0,2400,1,0,1,2,0,0,1,2
111005804,FN-SCAR-H SE,0,2400,1,0,1,2,0,0,1,2
111005805,FN-SCAR-H SE,0,2400,1,0,1,2,0,0,1,2
111005806,FN-SCAR-H SE,0,2400,1,0,1,2,0,0,1,2
111005810,FN-SCAR-H SE,0,2400,1,0,1,2,0,0,1,2
111005701,FN-AUG A3 SE,0,2400,1,0,1,2,0,0,1,2
111005702,FN-AUG A3 SE,0,2400,1,0,1,2,0,0,1,2
111005703,FN-AUG A3 SE,0,2400,1,0,1,2,0,0,1,2
111005704,FN-AUG A3 SE,0,2400,1,0,1,2,0,0,1,2
111005705,FN-AUG A3 SE,0,2400,1,0,1,2,0,0,1,2
111005706,FN-AUG A3 SE,0,2400,1,0,1,2,0,0,1,2
111005710,FN-AUG A3 SE,0,2400,1,0,1,2,0,0,1,2
211303501,FN-Mr. King,0,2400,1,0,1,2,0,0,1,2
211303502,FN-Mr. King,0,2400,1,0,1,2,0,0,1,2
211303503,FN-Mr. King,0,2400,1,0,1,2,0,0,1,2
211303504,FN-Mr. King,0,2400,1,0,1,2,0,0,1,2
211303505,FN-Mr. King,0,2400,1,0,1,2,0,0,1,2
211303506,FN-Mr. King,0,2400,1,0,1,2,0,0,1,2
211303510,FN-Mr. King,0,2400,1,0,1,2,0,0,1,2
211103501,FN-Viktor,0,2400,1,0,1,2,0,0,1,2
211103502,FN-Viktor,0,2400,1,0,1,2,0,0,1,2
211103503,FN-Viktor,0,2400,1,0,1,2,0,0,1,2
211103504,FN-Viktor,0,2400,1,0,1,2,0,0,1,2
211103505,FN-Viktor,0,2400,1,0,1,2,0,0,1,2
211103506,FN-Viktor,0,2400,1,0,1,2,0,0,1,2
211103510,FN-Viktor,0,2400,1,0,1,2,0,0,1,2
321000501,WR-02 Light-Gold,0,1000,0,0,1,0,0,0,1,9
321000601,WR-02-Cute,0,1000,0,0,1,0,0,0,1,9
321000701,WR-02-Aqua,0,1000,0,0,1,0,0,0,1,9
331000501,SS-102 Silencer-Gold,0,1000,0,0,1,0,0,0,1,9
331000601,SS-02-Cute,0,1000,0,0,1,0,0,0,1,9
331000701,SS-102-Aqua,0,1000,0,0,1,0,0,0,1,9
331000801,SS-103_NoPenalty,0,1000,0,0,1,0,0,0,1,9
331000401,AS-Chick Silencer,0,1000,0,0,1,0,0,0,1,9
341000701,Turkey Decal,0,1000,0,0,1,0,0,0,1,9
311000801,DS-03 Dot-Gold,0,1000,0,0,1,0,0,0,1,9
321000501,WR-02 Light-Gold,0,1000,0,0,1,0,0,0,1,9
111001801,PDW K101-Gold,0,24450,1,0,1,2,0,0,1,2
111001802,PDW K101-Gold,0,24450,1,0,1,2,0,0,1,2
111001803,PDW K101-Gold,0,24450,1,0,1,2,0,0,1,2
111001804,PDW K101-Gold,0,24450,1,0,1,2,0,0,1,2
111001805,PDW K101-Gold,0,24450,1,0,1,2,0,0,1,2
111001806,PDW K101-Gold,0,24450,1,0,1,2,0,0,1,2
111001810,PDW K101-Gold,0,24450,1,0,1,2,0,0,1,2
121000601,D.Eagle-Gold,0,24450,1,0,1,2,0,0,1,2
121000602,D.Eagle-Gold,0,24450,1,0,1,2,0,0,1,2
121000603,D.Eagle-Gold,0,24450,1,0,1,2,0,0,1,2
121000604,D.Eagle-Gold,0,24450,1,0,1,2,0,0,1,2
121000605,D.Eagle-Gold,0,24450,1,0,1,2,0,0,1,2
121000606,D.Eagle-Gold,0,24450,1,0,1,2,0,0,1,2
121001601,Anaconda-Gold,0,24450,1,0,1,2,0,0,1,2
121001602,Anaconda-Gold,0,24450,1,0,1,2,0,0,1,2
121001603,Anaconda-Gold,0,24450,1,0,1,2,0,0,1,2
121001604,Anaconda-Gold,0,24450,1,0,1,2,0,0,1,2
121001605,Anaconda-Gold,0,24450,1,0,1,2,0,0,1,2
121001606,Anaconda-Gold,0,24450,1,0,1,2,0,0,1,2
121001610,Anaconda-Gold,0,24450,1,0,1,2,0,0,1,2
132000701,HandAxe-Gold,0,24450,1,0,1,2,0,0,1,2
132000702,HandAxe-Gold,0,24450,1,0,1,2,0,0,1,2
132000703,HandAxe-Gold,0,24450,1,0,1,2,0,0,1,2
132000704,HandAxe-Gold,0,24450,1,0,1,2,0,0,1,2
132000705,HandAxe-Gold,0,24450,1,0,1,2,0,0,1,2
132000706,HandAxe-Gold,0,24450,1,0,1,2,0,0,1,2
132000710,HandAxe-Gold,0,24450,1,0,1,2,0,0,1,2
111001901,M4a1-Gold,0,24450,1,0,1,2,0,0,1,2
111001902,M4a1-Gold,0,24450,1,0,1,2,0,0,1,2
111001903,M4a1-Gold,0,24450,1,0,1,2,0,0,1,2
111001904,M4a1-Gold,0,24450,1,0,1,2,0,0,1,2
111001905,M4a1-Gold,0,24450,1,0,1,2,0,0,1,2
111001906,M4a1-Gold,0,24450,1,0,1,2,0,0,1,2
111002401,M4a1-GoldMarble,0,24450,1,0,1,2,0,0,1,2
111002402,M4a1-GoldMarble,0,24450,1,0,1,2,0,0,1,2
111002403,M4a1-GoldMarble,0,24450,1,0,1,2,0,0,1,2
111002404,M4a1-GoldMarble,0,24450,1,0,1,2,0,0,1,2
111002405,M4a1-GoldMarble,0,24450,1,0,1,2,0,0,1,2
111002406,M4a1-GoldMarble,0,24450,1,0,1,2,0,0,1,2
111002501,PSD XR-GoldMarble,0,24450,1,0,1,2,0,0,1,2
111002502,PSD XR-GoldMarble,0,24450,1,0,1,2,0,0,1,2
111002503,PSD XR-GoldMarble,0,24450,1,0,1,2,0,0,1,2
111002504,PSD XR-GoldMarble,0,24450,1,0,1,2,0,0,1,2
111002505,PSD XR-GoldMarble,0,24450,1,0,1,2,0,0,1,2
111002506,PSD XR-GoldMarble,0,24450,1,0,1,2,0,0,1,2
